ticker,entry_time,side,entry_price,tp_price,sl_price,exit_reason,exit_price,pnl,pnl_pct,bars_held,r_mult,daily_sl_count_at_entry,daily_r_at_entry
JNJ,2020-11-10 14:00:00-05:00,BUY,147.935,150.3292857142857,146.13928571428573,TIMEOUT,148.21,0.2750000000000057,0.18589245276642152,16,0.15314240254574846,0,0.0
CVX,2020-11-19 09:30:00-05:00,BUY,83.22,86.28542857142857,80.92092857142858,TIMEOUT,85.14,1.9200000000000017,2.3071377072819055,16,0.8351197688507809,0,0.0
PFE,2020-12-01 09:30:00-05:00,BUY,39.38,40.46171428571429,38.568714285714286,TP,40.46171428571429,1.081714285714284,2.7468620764710105,2,1.3333333333333275,0,0.0
PFE,2020-12-03 14:00:00-05:00,BUY,40.18,41.24171428571429,39.38371428571429,TIMEOUT,40.05,-0.13000000000000256,-0.32354405176705464,16,-0.16325798349480158,0,0.0
PFE,2020-12-04 09:30:00-05:00,BUY,39.94,41.016571428571424,39.132571428571424,TIMEOUT,40.145,0.2050000000000054,0.5132699048572995,16,0.25389242745931245,0,0.0
PFE,2020-12-08 09:30:00-05:00,BUY,41.49,42.438,40.779,TP,42.438,0.9480000000000004,2.2848879248011578,10,1.3333333333333366,0,0.0
PFE,2020-12-09 14:00:00-05:00,BUY,41.38,42.32028571428572,40.67478571428572,TIMEOUT,41.98,0.5999999999999943,1.4499758337360906,16,0.850805226374956,0,0.0
PFE,2020-12-10 14:00:00-05:00,BUY,41.805,42.79271428571428,41.064214285714286,SL,41.064214285714286,-0.7407857142857139,-1.7720026654364647,14,-1.0,0,0.0
IWM,2021-01-25 09:30:00-05:00,BUY,214.93,218.62485714285717,212.1588571428572,SL,212.1588571428572,-2.77114285714282,-1.289323434207798,6,-1.0,0,0.0
JNJ,2021-01-27 09:30:00-05:00,BUY,169.12,171.382,167.4235,TIMEOUT,168.575,-0.5450000000000159,-0.32225638599811723,16,-0.3212496315944658,0,0.0
JNJ,2021-01-29 14:00:00-05:00,BUY,162.615,164.93128571428574,160.87778571428572,TP,164.93128571428574,2.3162857142857263,1.4243985575043667,8,1.3333333333333388,0,0.0
IWM,2021-02-12 09:30:00-05:00,BUY,225.65,229.47314285714288,222.7826428571429,TIMEOUT,226.74,1.0900000000000034,0.4830489696432543,16,0.3801409959395209,0,0.0
MS,2021-07-26 09:30:00-04:00,BUY,94.37,96.61285714285717,92.68785714285714,TIMEOUT,96.17,1.7999999999999972,1.9073858217653883,16,1.07006369426751,0,0.0
PFE,2021-08-12 09:30:00-04:00,BUY,46.46,47.31285714285714,45.82035714285714,TIMEOUT,47.125,0.6649999999999991,1.4313387860525164,16,1.039642657733104,0,0.0
PFE,2021-08-17 09:30:00-04:00,BUY,48.78,49.76028571428572,48.04478571428572,TP,49.76028571428572,0.9802857142857206,2.009605810343831,2,1.333333333333356,0,0.0
PFE,2021-08-18 09:30:00-04:00,BUY,50.19,51.17742857142857,49.44942857142857,TP,51.17742857142857,0.9874285714285733,1.967381094697297,1,1.3333333333333366,0,0.0
PFE,2021-08-19 09:30:00-04:00,BUY,48.53,49.623428571428576,47.70992857142857,TP,49.623428571428576,1.093428571428575,2.253098230843962,1,1.3333333333333333,0,0.0
PFE,2021-11-17 09:30:00-05:00,BUY,49.93,51.24457142857143,48.94407142857143,TIMEOUT,50.595,0.6649999999999991,1.3318646104546348,16,0.6744910526697073,0,0.0
PFE,2021-11-22 09:30:00-05:00,BUY,50.96,52.40057142857143,49.87957142857143,TIMEOUT,51.27,0.3100000000000023,0.6083202511773984,16,0.28692317863282024,0,0.0
AMD,2021-11-23 14:00:00-05:00,BUY,147.18,153.2657142857143,142.6157142857143,TP,153.2657142857143,6.085714285714289,4.13487857434046,12,1.3333333333333333,0,0.0
PFE,2021-11-30 09:30:00-05:00,BUY,52.26,53.55571428571428,51.28821428571428,TP,53.55571428571428,1.2957142857142827,2.4793614345853094,1,1.3333333333333284,0,0.0
PFE,2021-12-01 09:30:00-05:00,BUY,52.44,53.812,51.411,TP,53.812,1.3719999999999999,2.616323417238749,5,1.333333333333338,0,0.0
PFE,2021-12-13 09:30:00-05:00,BUY,53.64,55.35714285714286,52.35214285714286,TP,55.35714285714286,1.7171428571428606,3.2012357515713283,2,1.333333333333337,0,0.0
PFE,2021-12-15 09:30:00-05:00,BUY,56.11,57.97428571428571,54.71178571428571,TP,57.97428571428571,1.8642857142857139,3.322555184968301,7,1.33333333333333,0,0.0
PFE,2021-12-16 09:30:00-05:00,BUY,58.3,60.32228571428571,56.78328571428571,TP,60.32228571428571,2.022285714285715,3.468757657436904,9,1.3333333333333333,0,0.0
PFE,2021-12-21 14:00:00-05:00,BUY,58.64,60.566,57.1955,TIMEOUT,59.15,0.509999999999998,0.8697135061391508,16,0.35306334371754844,0,0.0
PFE,2021-12-23 14:00:00-05:00,BUY,58.405,60.359,56.9395,TIMEOUT,58.82,0.41499999999999915,0.71055560311617,16,0.2831798021153187,0,0.0
AMD,2021-12-28 14:00:00-05:00,BUY,152.43,158.10285714285715,148.17535714285714,SL,148.17535714285714,-4.254642857142869,-2.7912109539741974,12,-1.0,0,0.0
PFE,2021-12-29 09:30:00-05:00,BUY,57.32,59.20914285714286,55.90314285714286,TIMEOUT,57.86,0.5399999999999991,0.9420795533845064,16,0.38112522686025435,0,0.0
MS,2022-02-07 09:30:00-05:00,BUY,104.15,106.98685714285716,102.02235714285716,TIMEOUT,105.73,1.5799999999999983,1.517042726836292,16,0.7426058347601335,0,0.0
CVX,2022-02-09 09:30:00-05:00,BUY,136.45,139.61371428571428,134.07721428571426,TIMEOUT,137.45,1.0,0.7328691828508611,16,0.42144555826484636,0,0.0
CVX,2022-02-11 09:30:00-05:00,BUY,136.87,140.04342857142856,134.48992857142858,TIMEOUT,138.13,1.259999999999991,0.9205815737561123,16,0.5293958764742922,0,0.0
CVX,2022-02-28 09:30:00-05:00,BUY,139.155,142.18585714285717,136.88185714285714,TP,142.18585714285717,3.0308571428571724,2.178044010532983,3,1.333333333333346,0,0.0
CVX,2022-03-01 09:30:00-05:00,BUY,144.9,147.9594285714286,142.60542857142858,TP,147.9594285714286,3.059428571428583,2.1114068815932248,1,1.3333333333333375,0,0.0
CVX,2022-03-02 09:30:00-05:00,BUY,150.2,153.3962857142857,147.8027857142857,TP,153.3962857142857,3.1962857142857217,2.128019783146286,1,1.3333333333333373,0,0.0
CVX,2022-03-03 09:30:00-05:00,BUY,152.26,155.68485714285714,149.69135714285713,TP,155.68485714285714,3.4248571428571495,2.2493479199114343,2,1.3333333333333333,0,0.0
CVX,2022-03-04 09:30:00-05:00,BUY,155.57,159.10942857142857,152.91542857142858,TP,159.10942857142857,3.539428571428573,2.275135676177009,2,1.3333333333333404,0,0.0
XOM,2022-03-07 09:30:00-05:00,BUY,84.92,86.97257142857143,83.38057142857143,TP,86.97257142857143,2.052571428571426,2.4170648004844866,4,1.3333333333333302,0,0.0
JNJ,2022-03-07 09:30:00-05:00,BUY,168.3,171.08428571428573,166.21178571428572,TP,171.08428571428573,2.7842857142857156,1.6543587131822433,13,1.3333333333333333,0,1.3333333333333302
CVX,2022-03-07 09:30:00-05:00,BUY,160.08,163.7017142857143,157.3637142857143,SL,157.3637142857143,-2.7162857142857035,-1.6968301563503894,8,-1.0,0,2.6666666666666634
CVX,2022-03-09 09:30:00-05:00,BUY,162.45,166.218,159.624,TP,166.218,3.7680000000000007,2.3194829178208685,1,1.3333333333333366,0,0.0
XOM,2022-03-09 09:30:00-05:00,BUY,83.93,85.99028571428572,82.38478571428573,TP,85.99028571428572,2.060285714285712,2.4547667273748504,1,1.3333333333333364,0,1.3333333333333366
CVX,2022-03-10 09:30:00-05:00,BUY,168.525,172.50385714285716,165.54085714285716,TP,172.50385714285716,3.9788571428571515,2.360989255515295,1,1.3333333333333428,0,0.0
XOM,2022-03-10 09:30:00-05:00,BUY,84.01,86.2417142857143,82.33621428571429,TIMEOUT,84.895,0.8849999999999909,1.05344601833114,16,0.5287415183715221,0,1.3333333333333428
XOM,2022-03-11 09:30:00-05:00,BUY,84.09,86.38828571428571,82.36628571428572,TIMEOUT,85.97,1.8799999999999955,2.2356998454037287,16,1.0906679927067804,0,0.0
CVX,2022-03-11 09:30:00-05:00,BUY,166.76,171.09371428571427,163.50971428571427,TP,171.09371428571427,4.333714285714279,2.5987732584038614,2,1.3333333333333275,0,0.0
PFE,2022-03-14 09:30:00-04:00,BUY,50.66,51.842,49.7735,TP,51.842,1.1820000000000022,2.3332017370706715,1,1.3333333333333386,0,0.0
IWM,2022-03-17 09:30:00-04:00,BUY,200.77,204.9628571428572,197.62535714285715,TIMEOUT,204.63,3.859999999999985,1.9225979977088137,16,1.2274843838727956,0,0.0
JNJ,2022-03-17 09:30:00-04:00,BUY,174.99,178.3017142857143,172.5062142857143,TIMEOUT,176.68,1.6899999999999977,0.9657694725412866,16,0.6804129640813261,0,0.0
SPY,2022-03-17 09:30:00-04:00,BUY,433.71,441.7334285714285,427.6924285714285,TIMEOUT,439.29,5.580000000000041,1.2865739780037446,16,0.9272843814543081,0,0.0
MS,2022-03-18 09:30:00-04:00,BUY,93.385,96.16442857142856,91.30042857142858,TIMEOUT,94.555,1.1700000000000017,1.2528778711784567,16,0.5612664473684236,0,0.0
IWM,2022-03-18 09:30:00-04:00,BUY,204.19,208.34285714285716,201.07535714285717,TIMEOUT,206.405,2.2150000000000034,1.0847739850139593,16,0.7111569774108556,0,0.0
JNJ,2022-03-21 09:30:00-04:00,BUY,174.79,177.62114285714284,172.66664285714285,TIMEOUT,175.53,0.7400000000000091,0.42336518107443744,16,0.348504726343059,0,0.0
PFE,2022-04-07 09:30:00-04:00,BUY,52.57,53.59314285714286,51.80264285714286,TP,53.59314285714286,1.023142857142858,1.9462485393624842,1,1.3333333333333333,0,0.0
CVX,2022-04-08 09:30:00-04:00,BUY,167.66,170.6297142857143,165.43271428571427,TP,170.6297142857143,2.9697142857143035,1.7712717915509386,2,1.3333333333333333,0,0.0
JNJ,2022-04-20 09:30:00-04:00,BUY,182.5,185.1302857142857,180.5272857142857,TIMEOUT,183.4,0.9000000000000057,0.49315068493150993,16,0.4562242016076492,0,0.0
XOM,2022-05-04 14:00:00-04:00,BUY,89.885,92.03357142857143,88.27357142857143,TIMEOUT,90.05,0.16499999999999204,0.18356789230682763,16,0.1023936170212714,0,0.0
XOM,2022-05-16 09:30:00-04:00,BUY,89.0,91.77542857142856,86.91842857142858,TP,91.77542857142856,2.775428571428563,3.118459069020857,15,1.3333333333333333,0,0.0
AMD,2022-05-18 09:30:00-04:00,BUY,99.91,105.41685714285714,95.77985714285714,TIMEOUT,96.685,-3.2249999999999943,-3.227905114603137,16,-0.7808446612016173,0,0.0
XOM,2022-05-19 09:30:00-04:00,BUY,89.0,91.66114285714283,87.00414285714285,TIMEOUT,91.325,2.325000000000003,2.6123595505618007,16,1.1649130341421503,0,0.0
XOM,2022-05-20 09:30:00-04:00,BUY,91.89,94.5502857142857,89.89478571428572,TIMEOUT,90.83,-1.0600000000000023,-1.1535531613886194,16,-0.5312712562202431,0,0.0
PFE,2022-05-23 09:30:00-04:00,BUY,52.57,53.76028571428572,51.67728571428572,TIMEOUT,53.0,0.4299999999999997,0.81795700970135,16,0.4816770683309374,0,0.0
XOM,2022-05-23 09:30:00-04:00,BUY,92.66,95.36457142857142,90.63157142857142,TIMEOUT,93.89,1.230000000000004,1.3274336283185884,16,0.6063807310373972,0,0.0
XOM,2022-05-25 09:30:00-04:00,BUY,94.62,97.2717142857143,92.6312142857143,TIMEOUT,95.825,1.2049999999999983,1.2735151130839129,16,0.6058973530151205,0,0.0
AMD,2022-05-27 09:30:00-04:00,BUY,100.14,105.79085714285716,95.90185714285714,TIMEOUT,100.53,0.39000000000000057,0.3894547633313367,16,0.09202143796137126,0,0.0
MS,2022-05-27 14:00:00-04:00,BUY,85.42,87.74542857142858,83.67592857142857,TIMEOUT,86.23,0.8100000000000023,0.9482556778272094,16,0.46443051971986804,0,0.0
XOM,2022-05-31 09:30:00-04:00,BUY,98.62,100.82657142857144,96.96507142857143,TIMEOUT,98.83,0.20999999999999375,0.21293855201783993,16,0.12689369416029672,0,0.0
SPY,2022-06-01 14:00:00-04:00,BUY,409.8,417.9197142857143,403.7102142857143,TIMEOUT,410.38,0.5799999999999841,0.14153245485602345,16,0.0952414464501423,0,0.0
MSFT,2022-06-02 09:30:00-04:00,BUY,264.39,271.0585714285714,259.3885714285714,TP,271.0585714285714,6.668571428571397,2.522247977824955,14,1.3333333333333295,0,0.0
PFE,2022-06-03 09:30:00-04:00,BUY,52.6,53.65457142857143,51.80907142857143,TIMEOUT,53.155,0.5549999999999997,1.0551330798479082,16,0.7017068545109709,0,0.0
XOM,2022-06-08 09:30:00-04:00,BUY,103.49,105.564,101.9345,TIMEOUT,104.72,1.230000000000004,1.1885206300125657,16,0.7907425265188094,0,0.0
JNJ,2022-06-24 09:30:00-04:00,BUY,180.24,182.9388571428572,178.21585714285715,TIMEOUT,181.96,1.7199999999999989,0.9542831779849082,16,0.8497423953701714,0,0.0
PFE,2022-06-27 09:30:00-04:00,BUY,51.44,52.64714285714285,50.534642857142856,TIMEOUT,51.98,0.5399999999999991,1.0497667185069968,16,0.5964497041420117,0,0.0
PFE,2022-07-01 14:00:00-04:00,BUY,51.86,53.09428571428572,50.934285714285714,SL,50.934285714285714,-0.9257142857142853,-1.7850256184232267,11,-1.0,0,0.0
JNJ,2022-07-05 14:00:00-04:00,BUY,176.48,179.23685714285713,174.41235714285713,TP,179.23685714285713,2.756857142857143,1.5621357337132498,11,1.3333333333333333,0,0.0
PFE,2022-07-06 09:30:00-04:00,BUY,51.625,52.805,50.74,TIMEOUT,52.25,0.625,1.2106537530266344,16,0.7062146892655383,0,0.0
MSFT,2022-07-28 09:30:00-04:00,BUY,269.78,276.3605714285714,264.8445714285714,TP,276.3605714285714,6.580571428571432,2.4392362030437513,16,1.3333333333333295,0,0.0
MSFT,2022-07-29 09:30:00-04:00,BUY,277.7,284.57114285714283,272.54664285714284,TIMEOUT,279.51,1.8100000000000023,0.6517824990997487,16,0.3512273552607872,0,0.0
SPY,2022-07-29 09:30:00-04:00,BUY,407.62,413.6265714285714,403.1150714285714,TIMEOUT,410.67,3.0500000000000114,0.7482459153132848,16,0.6770362618719173,0,0.0
SPY,2022-08-01 09:30:00-04:00,BUY,409.18,415.22857142857146,404.6435714285714,TIMEOUT,409.72,0.5400000000000205,0.13197125959236042,16,0.11903637222485058,0,0.0
CVX,2022-08-01 14:00:00-04:00,BUY,159.37,163.18857142857144,156.50607142857143,TIMEOUT,160.67,1.299999999999983,0.8157118654702785,16,0.45392193540341064,0,0.0
XOM,2022-08-01 14:00:00-04:00,BUY,93.68,95.99628571428572,91.94278571428572,TIMEOUT,95.02,1.3399999999999892,1.4304013663535322,16,0.7713498622589461,0,0.0
XOM,2022-08-23 09:30:00-04:00,BUY,95.62,97.77485714285714,94.00385714285714,TP,97.77485714285714,2.1548571428571393,2.2535632115217936,1,1.3333333333333275,0,0.0
XOM,2022-08-31 09:30:00-04:00,BUY,94.18,96.34057142857144,92.55957142857145,TP,96.34057142857144,2.16057142857143,2.29408731001426,8,1.3333333333333421,0,0.0
XOM,2022-10-05 09:30:00-04:00,BUY,95.89,98.31285714285714,94.07285714285716,TP,98.31285714285714,2.42285714285714,2.526704706285473,1,1.3333333333333437,0,0.0
XOM,2022-10-06 09:30:00-04:00,BUY,98.45,100.93914285714284,96.58314285714286,TP,100.93914285714284,2.489142857142838,2.5283320031923187,1,1.3333333333333233,0,0.0
CVX,2022-10-06 09:30:00-04:00,BUY,157.29,161.166,154.38299999999998,TP,161.166,3.8760000000000048,2.464238031661266,1,1.3333333333333302,0,1.3333333333333233
XOM,2022-10-11 09:30:00-04:00,BUY,97.0,99.65171428571428,95.01121428571427,TP,99.65171428571428,2.6517142857142773,2.7337260677466775,12,1.3333333333333215,0,0.0
CVX,2022-10-11 09:30:00-04:00,BUY,154.55,158.59228571428574,151.51828571428572,TP,158.59228571428574,4.042285714285725,2.6155197116051276,11,1.3333333333333364,0,1.3333333333333215
XOM,2022-10-17 09:30:00-04:00,BUY,100.88,103.526,98.8955,TIMEOUT,101.24,0.35999999999999943,0.35685963521015013,16,0.18140589569160995,0,0.0
CVX,2022-10-19 09:30:00-04:00,BUY,163.6,167.7282857142857,160.5037857142857,TP,167.7282857142857,4.12828571428571,2.523402025847011,7,1.3333333333333273,0,0.0
XOM,2022-10-19 09:30:00-04:00,BUY,101.25,103.85457142857145,99.29657142857144,TP,103.85457142857145,2.6045714285714467,2.572416225749577,9,1.3333333333333504,0,1.3333333333333273
CVX,2022-10-20 09:30:00-04:00,BUY,169.215,173.52557142857142,165.98207142857143,TIMEOUT,168.87,-0.34499999999999886,-0.2038826345182158,16,-0.10671438987207489,0,0.0
XOM,2022-10-20 09:30:00-04:00,BUY,104.205,106.86328571428572,102.21128571428572,TIMEOUT,103.83,-0.375,-0.35986756873470566,16,-0.18809114359415396,0,0.0
PFE,2022-10-24 09:30:00-04:00,BUY,45.0,45.86514285714286,44.35114285714285,TIMEOUT,45.615,0.615000000000002,1.3666666666666711,16,0.9478203434610183,0,0.0
CVX,2022-10-24 09:30:00-04:00,BUY,171.93,176.108,168.7965,TIMEOUT,173.505,1.5749999999999886,0.9160704938056119,16,0.5026328386787904,0,0.0
JNJ,2022-10-24 09:30:00-04:00,BUY,169.89,172.23085714285713,168.13435714285714,TIMEOUT,171.05,1.160000000000025,0.6827947495438372,16,0.6607266365596833,0,0.0
SPY,2022-10-24 14:00:00-04:00,BUY,377.22,384.8565714285714,371.49257142857147,TIMEOUT,382.69,5.46999999999997,1.450082180160111,16,0.9550533772323622,0,0.0
JPM,2022-10-24 14:00:00-04:00,BUY,122.29,125.70228571428572,119.73078571428572,TIMEOUT,123.085,0.7949999999999875,0.6500940387603136,16,0.31064221719835344,0,0.0
SPY,2022-10-25 09:30:00-04:00,BUY,378.87,386.2605714285714,373.3270714285714,TIMEOUT,382.64,3.769999999999982,0.9950642700662449,16,0.6801458744088277,0,0.0
MSFT,2022-10-26 09:30:00-04:00,BUY,231.18,237.716,226.278,TP,237.716,6.536000000000001,2.8272341898088076,8,1.3333333333333295,0,0.0
QQQ,2022-10-26 09:30:00-04:00,BUY,278.46,285.1305714285714,273.4570714285714,TIMEOUT,279.37,0.910000000000025,0.32679738562092403,16,0.1818934624005985,0,1.3333333333333295
IWM,2022-10-26 09:30:00-04:00,BUY,179.01,183.1902857142857,175.8747857142857,TIMEOUT,180.34,1.3300000000000125,0.7429752527791814,16,0.42421342810927,0,1.3333333333333295
SPY,2022-10-26 09:30:00-04:00,BUY,381.62,388.9171428571429,376.14714285714285,TIMEOUT,383.57,1.9499999999999886,0.5109795084115059,16,0.35630383711824326,0,1.3333333333333295
IWM,2022-10-28 14:00:00-04:00,BUY,182.29,186.3865714285714,179.21757142857143,TIMEOUT,182.67,0.37999999999999545,0.2084590487684434,16,0.12368066211000968,0,0.0
XOM,2022-10-31 09:30:00-04:00,BUY,109.7,111.86285714285717,108.07785714285714,TP,111.86285714285717,2.1628571428571632,1.971610886834242,3,1.3333333333333421,0,0.0
CVX,2022-10-31 09:30:00-04:00,BUY,178.86,182.7068571428572,175.97485714285716,TP,182.7068571428572,3.846857142857175,2.1507643647865224,1,1.3333333333333464,0,1.3333333333333421
XOM,2022-11-01 14:00:00-04:00,BUY,111.17,113.35685714285717,109.52985714285714,TIMEOUT,111.61,0.4399999999999977,0.3957902311774739,16,0.26826931451963887,0,0.0
CVX,2022-11-03 09:30:00-04:00,BUY,178.18,181.71628571428573,175.52778571428573,TP,181.71628571428573,3.536285714285725,1.9846703975113507,10,1.3333333333333406,0,0.0
CVX,2022-11-04 14:00:00-04:00,BUY,181.88,185.37142857142857,179.26142857142858,TP,185.37142857142857,3.491428571428571,1.9196330390524363,10,1.3333333333333406,0,0.0
CVX,2022-11-07 09:30:00-05:00,BUY,182.91,186.42057142857144,180.27707142857145,TIMEOUT,185.33,2.420000000000016,1.3230550543983466,16,0.919128618322902,0,0.0
XOM,2022-11-10 14:00:00-05:00,BUY,109.61,111.77828571428572,107.98378571428572,TP,111.77828571428572,2.168285714285716,1.9781823869042203,8,1.3333333333333361,0,0.0
CVX,2022-11-10 14:00:00-05:00,BUY,179.84,183.36057142857143,177.19957142857143,TP,183.36057142857143,3.5205714285714294,1.9576131164209458,8,1.3333333333333333,0,1.3333333333333361
IWM,2022-11-11 09:30:00-05:00,BUY,185.79,189.63314285714284,182.9076428571429,TIMEOUT,186.775,0.9850000000000136,0.5301684697777134,16,0.3417341957227562,0,0.0
CVX,2022-11-11 09:30:00-05:00,BUY,184.28,187.83542857142857,181.61342857142856,TIMEOUT,185.91,1.6299999999999955,0.8845235511178616,16,0.611271831136821,0,0.0
XOM,2022-11-11 09:30:00-05:00,BUY,112.6,114.85114285714285,110.91164285714284,TIMEOUT,113.78,1.1800000000000068,1.0479573712255834,16,0.6989042602699139,0,0.0
MSFT,2022-11-11 09:30:00-05:00,BUY,243.04,250.5842857142857,237.3817857142857,TIMEOUT,247.23,4.189999999999998,1.7239960500329155,16,0.7405163163542262,0,0.0
QQQ,2022-11-11 09:30:00-05:00,BUY,282.73,289.8331428571429,277.4026428571429,TIMEOUT,287.3,4.569999999999993,1.6163831217062192,16,0.8578362361396046,0,0.0
CAT,2022-11-14 09:30:00-05:00,BUY,235.375,241.34442857142855,230.89792857142857,TIMEOUT,239.27,3.8950000000000102,1.654806160382373,16,0.8699883533559896,0,0.0
PFE,2022-11-14 09:30:00-05:00,BUY,48.0,48.85457142857143,47.35907142857143,TP,48.85457142857143,0.8545714285714325,1.7803571428571512,1,1.3333333333333481,0,0.0
XOM,2023-01-06 09:30:00-05:00,BUY,110.12,112.16142857142856,108.58892857142858,TIMEOUT,110.12,0.0,0.0,16,0.0,0,0.0
XOM,2023-02-01 14:00:00-05:00,BUY,113.935,116.547,111.976,SL,111.976,-1.9590000000000032,-1.7194014130864115,9,-1.0,0,0.0
AMD,2023-06-14 14:00:00-04:00,BUY,125.885,131.08814285714286,121.98264285714286,TIMEOUT,122.65,-3.2349999999999994,-2.569805775112205,16,-0.8289861439056981,0,0.0
JNJ,2023-07-26 09:30:00-04:00,BUY,171.915,174.23128571428572,170.1777857142857,TIMEOUT,172.665,0.75,0.4362621062734491,16,0.4317256691747868,0,0.0
JNJ,2023-08-02 09:30:00-04:00,BUY,168.85,171.646,166.753,TIMEOUT,169.96,1.1100000000000136,0.6573882143914798,16,0.5293276108726797,0,0.0
JNJ,2023-08-11 09:30:00-04:00,BUY,172.46,175.05285714285716,170.51535714285714,TIMEOUT,172.56,0.09999999999999432,0.05798446016467256,16,0.0514233241505937,0,0.0
JNJ,2023-08-15 09:30:00-04:00,BUY,172.6,175.15057142857142,170.6870714285714,TIMEOUT,174.16,1.5600000000000023,0.9038238702201636,16,0.8155035286210227,0,0.0
AMD,2024-01-23 09:30:00-05:00,BUY,166.45,172.33057142857143,162.0395714285714,TIMEOUT,168.365,1.9150000000000205,1.1504956443376513,16,0.43419816668286565,0,0.0
AMD,2024-01-25 14:00:00-05:00,BUY,178.475,184.50585714285717,173.95185714285714,TIMEOUT,180.57,2.094999999999999,1.1738338702899558,16,0.4631735203082556,0,0.0
CAT,2024-02-06 09:30:00-05:00,BUY,319.94,326.01,315.3875,TP,326.01,6.069999999999993,1.897230730762016,1,1.3333333333333293,0,0.0
AMD,2024-02-14 09:30:00-05:00,BUY,173.56,179.296,169.258,TIMEOUT,176.94,3.3799999999999955,1.947453330260426,16,0.7856810785681082,0,0.0
AMD,2024-02-26 14:00:00-05:00,BUY,176.335,182.5904285714286,171.6434285714286,TIMEOUT,176.78,0.4449999999999932,0.2523605636997721,16,0.09485094850948378,0,0.0
CAT,2024-04-10 09:30:00-04:00,BUY,365.635,371.7178571428572,361.0728571428571,TP,371.7178571428572,6.082857142857222,1.6636419223699104,12,1.3333333333333457,0,0.0
AMD,2024-07-11 14:00:00-04:00,BUY,178.81,184.17371428571428,174.7872142857143,TP,184.17371428571428,5.3637142857142805,2.9996724376233326,10,1.3333333333333357,0,0.0
AMD,2024-07-12 09:30:00-04:00,BUY,182.02,187.24742857142857,178.09942857142858,TIMEOUT,186.335,4.314999999999998,2.3706186133391918,16,1.1006048680950276,0,0.0
JPM,2024-07-19 09:30:00-04:00,BUY,209.57,213.012,206.9885,TIMEOUT,209.89,0.3199999999999932,0.15269361072672288,16,0.12395893860158531,0,0.0
IWM,2024-07-25 09:30:00-04:00,BUY,218.5,222.2091428571429,215.71814285714285,TP,222.2091428571429,3.7091428571428935,1.6975482183720338,6,1.3333333333333435,0,0.0
JNJ,2024-08-02 14:00:00-04:00,BUY,162.475,164.77985714285714,160.74635714285714,TP,164.77985714285714,2.304857142857145,1.418591871276901,8,1.3333333333333333,0,0.0
AMD,2024-08-20 14:00:00-04:00,BUY,156.41,162.8842857142857,151.5542857142857,TIMEOUT,157.11,0.700000000000017,0.44754171728151465,16,0.14416004707267155,0,0.0
AMD,2024-08-23 09:30:00-04:00,BUY,153.57,159.19342857142857,149.35242857142856,TIMEOUT,153.42,-0.15000000000000568,-0.09767532721234988,16,-0.03556549131185987,0,0.0
AMD,2024-09-12 09:30:00-04:00,BUY,148.46,153.578,144.6215,TIMEOUT,150.33,1.8700000000000045,1.2595985450626461,16,0.4871694672398071,0,0.0
MSFT,2024-11-14 09:30:00-05:00,BUY,425.02,432.0008571428571,419.7843571428571,TIMEOUT,426.74,1.7200000000000273,0.4046868382664409,16,0.32851744225706153,0,0.0
JNJ,2025-01-29 09:30:00-05:00,BUY,150.64,153.17485714285712,148.73885714285714,TIMEOUT,151.28,0.6400000000000148,0.4248539564524793,16,0.33663961526902125,0,0.0
MSFT,2025-01-29 14:00:00-05:00,BUY,442.31,450.19057142857145,436.39957142857145,SL,436.39957142857145,-5.910428571428554,-1.3362638356420957,8,-1.0,0,0.0
JNJ,2025-03-11 14:00:00-04:00,BUY,165.56,168.0,163.73,SL,163.73,-1.8300000000000125,-1.1053394539743975,8,-1.0,0,0.0
XOM,2025-03-17 09:30:00-04:00,BUY,111.8,114.14857142857144,110.03857142857144,TP,114.14857142857144,2.3485714285714465,2.1006900076667683,13,1.3333333333333575,0,0.0
CVX,2025-03-17 09:30:00-04:00,BUY,157.29,160.30914285714286,155.02564285714286,TIMEOUT,158.91,1.6200000000000045,1.029944688155639,16,0.7154348443266815,0,1.3333333333333575
MSFT,2025-04-10 14:00:00-04:00,BUY,375.96,387.1977142857143,367.5317142857143,TIMEOUT,385.31,9.350000000000023,2.486966698584962,16,1.1093596393098164,0,0.0
JPM,2025-04-24 09:30:00-04:00,BUY,239.6,249.36314285714283,232.2776428571429,TIMEOUT,243.77,4.170000000000016,1.7404006677796395,16,0.5694887477685812,0,0.0
GS,2025-04-25 14:00:00-04:00,BUY,543.08,567.2557142857144,524.9482142857144,TIMEOUT,546.245,3.1649999999999636,0.5827870663622235,16,0.1745553388879023,0,0.0
QQQ,2025-04-25 14:00:00-04:00,BUY,469.99,488.1114285714286,456.3989285714286,TIMEOUT,470.99,1.0,0.21277048447839314,16,0.07357771646301416,0,0.0
JPM,2025-04-25 14:00:00-04:00,BUY,242.145,251.293,235.284,TIMEOUT,241.845,-0.30000000000001137,-0.12389270891408509,16,-0.043725404459992796,0,0.0
SPY,2025-04-29 09:30:00-04:00,BUY,548.89,564.3611428571428,537.2866428571429,TIMEOUT,553.83,4.940000000000055,0.8999981781413497,16,0.4257388563654657,0,0.0
JPM,2025-04-29 09:30:00-04:00,BUY,242.18,249.62057142857145,236.59957142857144,TIMEOUT,244.8,2.6200000000000045,1.0818399537534085,16,0.4694979904257235,0,0.0
JPM,2025-05-01 09:30:00-04:00,BUY,242.85,248.53857142857143,238.58357142857145,TIMEOUT,246.87,4.02000000000001,1.655342804200128,16,0.9422400803616349,0,0.0
GS,2025-05-01 09:30:00-04:00,BUY,549.0,563.7117142857143,537.9662142857143,TIMEOUT,556.395,7.394999999999982,1.3469945355191224,16,0.6702142121924195,0,0.0
SPY,2025-05-01 09:30:00-04:00,BUY,560.41,571.7539999999999,551.9019999999999,TIMEOUT,560.325,-0.08499999999992269,-0.015167466676169715,16,-0.009990597085087248,0,0.0
MSFT,2025-05-02 09:30:00-04:00,BUY,432.485,442.5198571428572,424.95885714285714,TIMEOUT,435.83,3.3449999999999704,0.7734372290368383,16,0.4444507715961457,0,0.0
JPM,2025-05-02 09:30:00-04:00,BUY,251.26,256.4917142857143,247.33621428571428,TIMEOUT,253.01,1.75,0.696489691952559,16,0.4459978519287132,0,0.0
CAT,2025-05-13 09:30:00-04:00,BUY,349.22,356.51000000000005,343.7525,TIMEOUT,353.42,4.199999999999989,1.2026802588626047,16,0.7681755829903916,0,0.0
JPM,2025-05-20 09:30:00-04:00,BUY,262.655,266.86042857142854,259.5009285714286,TIMEOUT,266.35,3.69500000000005,1.4067883725800197,16,1.1715016871617454,0,0.0
GS,2025-05-22 09:30:00-04:00,BUY,592.625,603.6955714285714,584.3220714285715,TIMEOUT,601.32,8.69500000000005,1.4672010124446404,16,1.0472208601096102,0,0.0
GS,2025-05-27 09:30:00-04:00,BUY,605.895,617.1201428571428,597.4761428571428,TIMEOUT,616.23,10.335000000000036,1.7057410937538744,16,1.2276013031969042,0,0.0
JPM,2025-06-24 09:30:00-04:00,BUY,280.23,283.75057142857145,277.58957142857145,TIMEOUT,281.84,1.6099999999999568,0.5745280662312945,16,0.6097494995401015,0,0.0
MSFT,2025-08-04 09:30:00-04:00,BUY,528.135,535.763,522.414,TP,535.763,7.628000000000043,1.444327681369355,1,1.33333333333334,0,0.0
JNJ,2025-08-04 09:30:00-04:00,BUY,167.025,169.47614285714286,165.18664285714286,TP,169.47614285714286,2.4511428571428553,1.4675305236598446,9,1.3333333333333282,0,1.33333333333334
JNJ,2025-08-05 09:30:00-04:00,BUY,170.485,173.04014285714288,168.56864285714286,TIMEOUT,170.13,-0.3550000000000182,-0.20822946300262085,16,-0.1852473070185334,0,0.0
AMD,2025-08-08 14:00:00-04:00,BUY,171.17,177.41685714285714,166.48485714285712,TP,177.41685714285714,6.246857142857152,3.649504669543233,11,1.3333333333333333,0,0.0
GS,2025-08-13 14:00:00-04:00,BUY,742.37,753.1317142857143,734.2987142857143,TIMEOUT,740.515,-1.8550000000000182,-0.2498753990597705,16,-0.22982707658542753,0,0.0
GS,2025-08-25 14:00:00-04:00,BUY,739.74,750.5528571428572,731.6303571428572,TIMEOUT,741.37,1.6299999999999955,0.22034768972882302,16,0.20099528779671477,0,0.0
GS,2025-09-10 09:30:00-04:00,BUY,763.57,775.5540000000001,754.582,TIMEOUT,769.55,5.9799999999999045,0.783163298715233,16,0.6653315531820057,0,0.0
MS,2025-09-10 09:30:00-04:00,BUY,152.56,154.79342857142856,150.88492857142856,TIMEOUT,154.05,1.490000000000009,0.9766649187205094,16,0.8895143064261634,0,0.0
CAT,2025-09-23 09:30:00-04:00,BUY,473.64,480.678,468.3615,TP,480.678,7.038000000000011,1.485938687610846,1,1.3333333333333333,0,0.0
CAT,2025-10-08 09:30:00-04:00,BUY,491.425,500.4327142857143,484.6692142857143,TP,500.4327142857143,9.007714285714314,1.8329784373433005,6,1.333333333333339,0,0.0
JNJ,2025-10-15 14:00:00-04:00,BUY,190.45,193.0202857142857,188.5222857142857,TP,193.0202857142857,2.570285714285717,1.3495855680156037,12,1.3333333333333235,0,0.0
AMD,2025-10-16 09:30:00-04:00,BUY,236.195,247.83014285714285,227.46864285714284,TIMEOUT,238.56,2.365000000000009,1.0012913059124915,16,0.2710180160269797,0,0.0
JNJ,2025-10-16 09:30:00-04:00,BUY,191.17,193.836,189.1705,TIMEOUT,191.51,0.3400000000000034,0.17785217345818038,16,0.17004251062766004,0,0.0
MS,2025-10-17 14:00:00-04:00,BUY,159.065,162.52214285714285,156.47214285714284,TP,162.52214285714285,3.4571428571428555,2.173415180676362,13,1.333333333333326,0,0.0
AMD,2025-10-23 09:30:00-04:00,BUY,229.57,242.57314285714284,219.81764285714289,TIMEOUT,234.57,5.0,2.177984928344296,16,0.5126965642005981,0,0.0
CAT,2025-10-23 14:00:00-04:00,BUY,519.12,530.8311428571428,510.33664285714286,TIMEOUT,525.26,6.139999999999986,1.1827708429650152,16,0.6990493384403931,0,0.0
GS,2025-10-27 09:30:00-04:00,BUY,789.1,805.7034285714286,776.6474285714286,TIMEOUT,791.16,2.0599999999999454,0.26105690026611905,16,0.16542767988252108,0,0.0
CAT,2025-10-30 09:30:00-04:00,BUY,577.885,591.4595714285714,567.7040714285714,TP,591.4595714285714,13.574571428571403,2.3490091330578577,1,1.3333333333333297,0,0.0
JPM,2025-10-31 09:30:00-04:00,BUY,308.125,313.8687142857143,303.8172142857143,TIMEOUT,309.77,1.6449999999999818,0.5338742393509068,16,0.38186671972673514,0,0.0
GS,2025-10-31 09:30:00-04:00,BUY,786.31,802.3348571428571,774.2913571428571,TIMEOUT,785.68,-0.6299999999999955,-0.08012107184189385,16,-0.05241856401661681,0,0.0
CAT,2025-10-31 14:00:00-04:00,BUY,575.455,588.8247142857143,565.4277142857143,TIMEOUT,572.4,-3.0550000000000637,-0.5308842568054954,16,-0.30466868971805977,0,0.0
CAT,2025-11-05 09:30:00-05:00,BUY,552.48,565.5608571428571,542.6693571428572,TP,565.5608571428571,13.080857142857099,2.3676616606677343,10,1.3333333333333295,0,0.0
AMD,2025-11-05 09:30:00-05:00,BUY,243.315,251.52185714285716,237.15985714285716,TP,251.52185714285716,8.20685714285716,3.3729351428630214,1,1.333333333333341,0,1.3333333333333295
CAT,2025-11-06 14:00:00-05:00,BUY,569.77,583.7491428571428,559.2856428571429,SL,559.2856428571429,-10.484357142857107,-1.8401034001188386,8,-1.0,0,0.0
CAT,2025-11-07 14:00:00-05:00,BUY,561.03,575.2905714285714,550.3345714285714,TIMEOUT,566.605,5.5750000000000455,0.9937080013546593,16,0.5212507346262795,0,0.0
AMD,2025-11-12 09:30:00-05:00,BUY,252.905,262.8907142857143,245.41571428571427,TP,262.8907142857143,9.985714285714295,3.948405245334926,4,1.3333333333333321,0,0.0
AMD,2025-11-13 09:30:00-05:00,BUY,252.08,262.4702857142857,244.28728571428573,TIMEOUT,247.24,-4.840000000000003,-1.9200253887654724,16,-0.6210929622907851,0,0.0
JNJ,2025-11-17 09:30:00-05:00,BUY,196.665,198.9712857142857,194.9352857142857,TP,198.9712857142857,2.306285714285707,1.17269758944688,3,1.3333333333333224,0,0.0
JNJ,2025-11-18 09:30:00-05:00,BUY,198.745,201.09471428571428,196.98271428571428,TIMEOUT,199.69,0.9449999999999932,0.475483659966285,16,0.5362354085603044,0,0.0
JNJ,2025-11-24 09:30:00-05:00,BUY,203.905,206.33185714285716,202.08485714285715,TIMEOUT,205.09,1.1850000000000023,0.5811529879110381,16,0.6510477984459638,0,0.0
GS,2025-11-26 09:30:00-05:00,BUY,808.555,828.1295714285714,793.8740714285714,TIMEOUT,814.05,5.4950000000000045,0.6796074478545064,16,0.3742951253569987,0,0.0
MS,2025-11-26 09:30:00-05:00,BUY,166.41,170.1757142857143,163.5857142857143,TIMEOUT,167.845,1.4350000000000023,0.8623279850970509,16,0.5080930703085503,0,0.0
CAT,2025-11-26 09:30:00-05:00,BUY,566.265,580.0018571428571,555.9623571428572,TIMEOUT,573.06,6.794999999999959,1.1999682127625686,16,0.6595395078932578,0,0.0
IWM,2025-11-26 09:30:00-05:00,BUY,245.13,249.41142857142856,241.91892857142855,TIMEOUT,247.22,2.0900000000000034,0.8526088198098982,16,0.6508730953175378,0,0.0
CAT,2025-12-04 09:30:00-05:00,BUY,588.84,602.3580000000001,578.7015,TP,602.3580000000001,13.518000000000029,2.2957000203790554,13,1.3333333333333333,0,0.0
GS,2025-12-04 09:30:00-05:00,BUY,834.95,852.9045714285714,821.4840714285715,TIMEOUT,837.77,2.8199999999999363,0.3377447751362281,16,0.20941741856430873,0,1.3333333333333333
GS,2025-12-11 09:30:00-05:00,BUY,889.24,905.4582857142856,877.0762857142857,TP,905.4582857142856,16.21828571428557,1.8238367273498237,2,1.333333333333324,0,0.0
JNJ,2025-12-11 09:30:00-05:00,BUY,208.355,210.87185714285712,206.46735714285717,TP,210.87185714285712,2.516857142857134,1.207965800128211,5,1.3333333333333535,0,1.333333333333324
CAT,2025-12-11 09:30:00-05:00,BUY,611.32,623.4762857142857,602.2027857142857,TP,623.4762857142857,12.156285714285673,1.9885306736710189,9,1.3333333333333208,0,2.6666666666666776
GS,2025-12-15 09:30:00-05:00,BUY,893.5,909.0348571428572,881.8488571428571,TIMEOUT,891.09,-2.409999999999968,-0.26972579742584984,16,-0.20684666127173,0,0.0
GS,2025-12-18 09:30:00-05:00,BUY,880.5,896.0688571428572,868.8233571428572,TIMEOUT,886.64,6.139999999999986,0.6973310618966481,16,0.525836070788448,0,0.0
GS,2026-01-05 09:30:00-05:00,BUY,912.6,926.7425714285716,901.9930714285714,TP,926.7425714285716,14.142571428571614,1.549701011239493,1,1.3333333333333441,0,0.0
MS,2026-01-05 09:30:00-05:00,BUY,182.99,185.3368571428572,181.2298571428572,TP,185.3368571428572,2.3468571428572034,1.282505679467295,1,1.333333333333414,0,1.3333333333333441
CAT,2026-01-05 09:30:00-05:00,BUY,607.99,618.8222857142857,599.8657857142857,TP,618.8222857142857,10.832285714285717,1.7816552433898118,6,1.3333333333333333,0,2.6666666666667584
GS,2026-01-06 09:30:00-05:00,BUY,943.77,959.1614285714286,932.2264285714284,TIMEOUT,955.31,11.539999999999964,1.222755544253363,16,0.9996906132046133,0,0.0
JNJ,2026-01-13 09:30:00-05:00,BUY,209.875,212.2852857142857,208.0672857142857,TP,212.2852857142857,2.410285714285692,1.1484386965030098,3,1.3333333333333124,0,0.0
CAT,2026-01-13 09:30:00-05:00,BUY,634.99,645.4142857142857,627.1717857142858,TIMEOUT,640.86,5.8700000000000045,0.9244240066772711,16,0.7508108355031791,0,1.3333333333333124
JNJ,2026-01-14 09:30:00-05:00,BUY,214.57,217.1431428571429,212.64014285714285,TP,217.1431428571429,2.573142857142898,1.1992090493279106,3,1.333333333333353,0,0.0
CVX,2026-01-15 09:30:00-05:00,BUY,165.56,168.6342857142857,163.25428571428571,TIMEOUT,166.85,1.289999999999992,0.7791737134573521,16,0.5594795539033418,0,0.0
GS,2026-01-20 09:30:00-05:00,BUY,941.89,960.3188571428572,928.0683571428572,TP,960.3188571428572,18.42885714285717,1.9565827371409792,3,1.3333333333333388,0,0.0
AMD,2026-01-21 09:30:00-05:00,BUY,235.99,243.60057142857144,230.28207142857144,TP,243.60057142857144,7.610571428571433,3.224955052574869,1,1.333333333333335,0,0.0
JNJ,2026-01-21 09:30:00-05:00,BUY,211.375,214.23957142857145,209.22657142857145,TP,214.23957142857145,2.864571428571452,1.3552082453324432,1,1.3333333333333555,0,1.333333333333335
CAT,2026-01-21 14:00:00-05:00,BUY,637.26,650.2148571428571,627.5438571428572,TP,650.2148571428571,12.954857142857122,2.032899780757795,8,1.3333333333333373,0,2.6666666666666905
JNJ,2026-01-22 09:30:00-05:00,BUY,218.9,222.12057142857145,216.48457142857143,TIMEOUT,219.36,0.46000000000000796,0.21014161717679666,16,0.1904423941329576,0,0.0
CAT,2026-01-27 14:00:00-05:00,BUY,638.39,652.1828571428572,628.0453571428571,TIMEOUT,640.39,2.0,0.31328811541534174,16,0.19333678577593671,0,0.0
CAT,2026-01-29 14:00:00-05:00,BUY,659.485,672.2581428571428,649.9051428571429,TP,672.2581428571428,12.77314285714283,1.9368359943202393,8,1.3333333333333333,0,0.0
AMD,2026-01-30 09:30:00-05:00,BUY,236.93,246.20428571428573,229.9742857142857,TIMEOUT,237.28,0.3499999999999943,0.1477229561473829,16,0.05031834052166682,0,0.0
CAT,2026-01-30 09:30:00-05:00,BUY,655.36,669.3845714285715,644.8415714285715,TP,669.3845714285715,14.024571428571448,2.1399797712053603,1,1.333333333333337,0,0.0
CAT,2026-02-02 09:30:00-05:00,BUY,669.3,684.2645714285715,658.0765714285714,TP,684.2645714285715,14.964571428571503,2.235854090627746,5,1.3333333333333368,0,0.0
XOM,2026-02-02 14:00:00-05:00,BUY,138.13,140.31885714285713,136.48835714285713,TP,140.31885714285713,2.188857142857131,1.584635591730349,8,1.333333333333316,0,1.3333333333333368
AMD,2026-02-03 14:00:00-05:00,BUY,237.17,247.6282857142857,229.3262857142857,SL,229.3262857142857,-7.843714285714299,-3.3072118251525486,8,-1.0,0,0.0
CAT,2026-02-03 14:00:00-05:00,BUY,691.87,707.7777142857143,679.9392142857142,DAILY_STOP_R,,0.0,0.0,0,0.0,1,-1.0
GS,2026-02-03 14:00:00-05:00,BUY,921.1,941.2145714285714,906.0140714285716,DAILY_STOP_R,,0.0,0.0,0,0.0,1,-1.0
JPM,2026-02-04 09:30:00-05:00,BUY,314.475,319.351,310.81800000000004,TIMEOUT,316.86,2.384999999999991,0.758406868590505,16,0.6521739130434789,0,0.0
CAT,2026-02-04 14:00:00-05:00,BUY,679.345,695.5164285714286,667.2164285714285,SL,667.2164285714285,-12.12857142857149,-1.785333141271591,11,-1.0,0,0.0
XOM,2026-02-04 14:00:00-05:00,BUY,146.01,148.48085714285713,144.15685714285712,DAILY_STOP_R,,0.0,0.0,0,0.0,1,-1.0
CAT,2026-02-05 14:00:00-05:00,BUY,677.42,695.4448571428571,663.9013571428571,TP,695.4448571428571,18.024857142857172,2.6608097107934774,8,1.333333333333339,0,0.0
CAT,2026-02-06 09:30:00-05:00,BUY,691.52,710.2802857142857,677.4497857142857,TP,710.2802857142857,18.760285714285715,2.712905731473524,4,1.3333333333333306,0,0.0
JPM,2026-02-09 09:30:00-05:00,BUY,320.89,326.4565714285714,316.71507142857143,TIMEOUT,323.215,2.3249999999999886,0.7245473526753681,16,0.5568957552738283,0,0.0
CAT,2026-02-09 09:30:00-05:00,BUY,727.85,748.5962857142857,712.2902857142857,TIMEOUT,736.55,8.699999999999932,1.195301229648957,16,0.5591362309260116,0,0.0
IWM,2026-02-09 09:30:00-05:00,BUY,264.8,269.1782857142857,261.51628571428574,TIMEOUT,267.055,2.2549999999999955,0.8515861027190316,16,0.6867223527364505,0,0.0
GS,2026-02-11 14:00:00-05:00,BUY,943.1,966.248,925.739,TP,966.248,23.148000000000025,2.4544587000318123,8,1.3333333333333355,0,0.0
JPM,2026-02-11 14:00:00-05:00,BUY,308.9,314.58914285714286,304.63314285714284,SL,304.63314285714284,-4.266857142857134,-1.381306941682465,14,-1.0,0,1.3333333333333355
CAT,2026-02-13 09:30:00-05:00,BUY,763.05,785.0848571428571,746.5238571428571,TIMEOUT,782.29,19.24000000000001,2.5214599305419054,10,1.164216004080115,0,0.0
