ticker,score,momentum,volatility,trend,price,asof_date
AA,,,0.0,DN,,2025-12-01
AAPL,,,0.06887477918387515,DN,,2025-12-01
ABBV,,,0.0,DN,,2025-12-01
ADYEY,,,0.0,DN,,2025-12-01
AEP,,,0.0,DN,,2025-12-01
ALB,,,0.0,DN,,2025-12-01
AMT,,,0.0,DN,,2025-12-01
AMZN,,,0.0,DN,,2025-12-01
ARM,,,0.0,DN,,2025-12-01
ASML,,,0.0,DN,,2025-12-01
AVGO,,,0.0,DN,,2025-12-01
AZN,,,0.0,DN,,2025-12-01
BA,,,0.0,DN,,2025-12-01
BAC,,,0.0,DN,,2025-12-01
BLK,,,0.0,DN,,2025-12-01
CAT,,,0.0,DN,,2025-12-01
CF,,,0.0,DN,,2025-12-01
CHTR,,,0.0,DN,,2025-12-01
CI,,,0.0,DN,,2025-12-01
CL,,,0.0,DN,,2025-12-01
CLF,,,0.0,DN,,2025-12-01
CMCSA,,,0.0,DN,,2025-12-01
CME,,,0.0,DN,,2025-12-01
COP,,,0.0,DN,,2025-12-01
COST,,,0.0,DN,,2025-12-01
CVS,,,0.0,DN,,2025-12-01
CVX,,,0.0,DN,,2025-12-01
DIS,,,0.0,DN,,2025-12-01
DUK,,,0.0,DN,,2025-12-01
EOG,,,0.017339208558150406,DN,,2025-12-01
EVRG,,,0.008883499914199147,DN,,2025-12-01
EXC,,,0.06872626944144504,DN,,2025-12-01
FCX,,,0.046601007936136266,DN,,2025-12-01
FOX,,,0.022578024845810528,DN,,2025-12-01
FOXA,,,0.15049712185931352,DN,,2025-12-01
GD,,,0.17219943722185355,DN,,2025-12-01
GE,,,0.03482102039487437,DN,,2025-12-01
GEVO,,,0.20752351505388902,DN,,2025-12-01
GOOG,,,0.0,DN,,2025-12-01
GOOGL,,,0.07354866272741588,DN,,2025-12-01
GS,,,0.027818226475323,DN,,2025-12-01
HAL,,,0.07521666997686888,DN,,2025-12-01
HCA,,,0.06379789188375165,DN,,2025-12-01
HD,,,0.14575830680018295,DN,,2025-12-01
HON,,,0.0,DN,,2025-12-01
ICE,,,0.0,DN,,2025-12-01
JNJ,,,0.0,DN,,2025-12-01
JPM,,,0.0,DN,,2025-12-01
KMB,,,0.0,DN,,2025-12-01
KO,,,0.0,DN,,2025-12-01
LLY,,,0.0,DN,,2025-12-01
LMT,,,0.0,DN,,2025-12-01
LVS,,,0.0,DN,,2025-12-01
MAR,,,0.0,DN,,2025-12-01
MCD,,,0.0,DN,,2025-12-01
META,,,0.0,DN,,2025-12-01
MGM,,,0.0,DN,,2025-12-01
MMM,,,0.0,DN,,2025-12-01
MO,,,0.0,DN,,2025-12-01
MPC,,,0.0,DN,,2025-12-01
MRK,,,0.0,DN,,2025-12-01
MS,,,0.0,DN,,2025-12-01
MSFT,,,0.0,DN,,2025-12-01
MUR,,,0.0,DN,,2025-12-01
NEE,,,0.0,DN,,2025-12-01
NEM,,,0.0,DN,,2025-12-01
NKE,,,0.0,DN,,2025-12-01
NOC,,,0.0,DN,,2025-12-01
NVDA,,,0.0,DN,,2025-12-01
OXY,,,0.0,DN,,2025-12-01
PEG,,,0.0,DN,,2025-12-01
PEP,,,0.0,DN,,2025-12-01
PFE,,,0.0,DN,,2025-12-01
PG,,,0.0,DN,,2025-12-01
PM,,,0.0,DN,,2025-12-01
PPL,,,0.0,DN,,2025-12-01
PSX,,,0.0,DN,,2025-12-01
RCL,,,0.0,DN,,2025-12-01
REGN,,,0.0,DN,,2025-12-01
RTX,,,0.0,DN,,2025-12-01
SCCO,,,0.0,DN,,2025-12-01
SCHW,,,0.0,DN,,2025-12-01
SLB,,,0.0,DN,,2025-12-01
SO,,,0.0,DN,,2025-12-01
SPGI,,,0.11317038612758856,DN,,2025-12-01
T,,,0.030375330824592973,DN,,2025-12-01
TJX,,,0.028800813470621967,DN,,2025-12-01
TSLA,,,0.05237795432027273,DN,,2025-12-01
ULTA,,,0.0,DN,,2025-12-01
UNH,,,0.0,DN,,2025-12-01
VRTX,,,0.0,DN,,2025-12-01
VZ,,,0.0,DN,,2025-12-01
WEC,,,0.0,DN,,2025-12-01
WFC,,,0.0,DN,,2025-12-01
WMT,,,0.0,DN,,2025-12-01
XOM,,,0.02398493915166472,DN,116.66000366210938,2025-12-01
AA,,,0.0,DN,,2025-12-02
AAPL,,,0.015611935317772125,DN,,2025-12-02
ABBV,,,0.0,DN,,2025-12-02
ADYEY,,,0.0,DN,,2025-12-02
AEP,,,0.0,DN,,2025-12-02
ALB,,,0.0,DN,,2025-12-02
AMT,,,0.0,DN,,2025-12-02
AMZN,,,0.0,DN,,2025-12-02
ARM,,,0.0,DN,,2025-12-02
ASML,,,0.0,DN,,2025-12-02
AVGO,,,0.0,DN,,2025-12-02
AZN,,,0.05072177369296828,DN,,2025-12-02
BA,,,0.005447513900751431,DN,,2025-12-02
BAC,,,0.0,DN,,2025-12-02
BLK,,,0.0,DN,,2025-12-02
CAT,,,0.0,DN,,2025-12-02
CF,,,0.0,DN,,2025-12-02
CHTR,,,0.0,DN,,2025-12-02
CI,,,0.0,DN,,2025-12-02
CL,,,0.0,DN,,2025-12-02
CLF,,,0.0,DN,,2025-12-02
CMCSA,,,0.0,DN,,2025-12-02
CME,,,0.0,DN,,2025-12-02
COP,,,0.0,DN,,2025-12-02
COST,,,0.0,DN,,2025-12-02
CVS,,,0.0,DN,,2025-12-02
CVX,,,0.0,DN,,2025-12-02
DIS,,,0.0,DN,,2025-12-02
DUK,,,0.0,DN,,2025-12-02
EOG,,,0.0,DN,,2025-12-02
EVRG,,,0.0,DN,,2025-12-02
EXC,,,0.0,DN,,2025-12-02
FCX,,,0.0,DN,,2025-12-02
FOX,,,0.0,DN,,2025-12-02
FOXA,,,0.0,DN,,2025-12-02
GD,,,0.0,DN,,2025-12-02
GE,,,0.0,DN,,2025-12-02
GEVO,,,0.05357977607775514,DN,,2025-12-02
GOOG,,,0.0,DN,,2025-12-02
GOOGL,,,0.029077865921964773,DN,,2025-12-02
GS,,,0.04844233200073939,DN,,2025-12-02
HAL,,,0.049754453440258854,DN,,2025-12-02
HCA,,,0.09949292258051938,DN,,2025-12-02
HD,,,0.007513423222481352,DN,,2025-12-02
HON,,,0.0300604673875606,DN,,2025-12-02
ICE,,,0.07602728133031994,DN,,2025-12-02
JNJ,,,0.005446452650865478,DN,,2025-12-02
JPM,,,0.018141655344981664,DN,,2025-12-02
KMB,,,0.047993945836202916,DN,,2025-12-02
KO,,,0.007906635565111626,DN,,2025-12-02
LLY,,,0.0,DN,,2025-12-02
LMT,,,0.0,DN,,2025-12-02
LVS,,,0.0,DN,,2025-12-02
MAR,,,0.0,DN,,2025-12-02
MCD,,,0.0,DN,,2025-12-02
META,,,0.0,DN,,2025-12-02
MGM,,,0.0,DN,,2025-12-02
MMM,,,0.0,DN,,2025-12-02
MO,,,0.0,DN,,2025-12-02
MPC,,,0.0,DN,,2025-12-02
MRK,,,0.0,DN,,2025-12-02
MS,,,0.0,DN,,2025-12-02
MSFT,,,0.0,DN,,2025-12-02
MUR,,,0.0,DN,,2025-12-02
NEE,,,0.0,DN,,2025-12-02
NEM,,,0.0,DN,,2025-12-02
NKE,,,0.0,DN,,2025-12-02
NOC,,,0.0,DN,,2025-12-02
NVDA,,,0.0,DN,,2025-12-02
OXY,,,0.0,DN,,2025-12-02
PEG,,,0.0,DN,,2025-12-02
PEP,,,0.0,DN,,2025-12-02
PFE,,,0.0,DN,,2025-12-02
PG,,,0.0,DN,,2025-12-02
PM,,,0.0,DN,,2025-12-02
PPL,,,0.0,DN,,2025-12-02
PSX,,,0.0,DN,,2025-12-02
RCL,,,0.0,DN,,2025-12-02
REGN,,,0.04832323007604656,DN,,2025-12-02
RTX,,,0.0,DN,,2025-12-02
SCCO,,,0.0,DN,,2025-12-02
SCHW,,,0.0,DN,,2025-12-02
SLB,,,0.0,DN,,2025-12-02
SO,,,0.0,DN,,2025-12-02
SPGI,,,0.0,DN,,2025-12-02
T,,,0.0,DN,,2025-12-02
TJX,,,0.03348500392420957,DN,,2025-12-02
TSLA,,,0.012241103001492783,DN,,2025-12-02
ULTA,,,0.0,DN,,2025-12-02
UNH,,,0.0,DN,,2025-12-02
VRTX,,,0.0,DN,,2025-12-02
VZ,,,0.0,DN,,2025-12-02
WEC,,,0.0,DN,,2025-12-02
WFC,,,0.056841838931558954,DN,,2025-12-02
WMT,,,0.0,DN,,2025-12-02
XOM,,,0.013559499228277747,DN,115.36499786376953,2025-12-02
AA,,,0.0,DN,,2025-12-03
AAPL,,,0.0,DN,,2025-12-03
ABBV,,,0.0,DN,,2025-12-03
ADYEY,,,0.0,DN,,2025-12-03
AEP,,,0.0,DN,,2025-12-03
ALB,,,0.0,DN,,2025-12-03
AMT,,,0.0,DN,,2025-12-03
AMZN,,,0.0,DN,,2025-12-03
ARM,,,0.0,DN,,2025-12-03
ASML,,,0.0,DN,,2025-12-03
AVGO,,,0.0,DN,,2025-12-03
AZN,,,0.0,DN,,2025-12-03
BA,,,0.0,DN,,2025-12-03
BAC,,,0.0,DN,,2025-12-03
BLK,,,0.0,DN,,2025-12-03
CAT,,,0.0,DN,,2025-12-03
CF,,,0.0,DN,,2025-12-03
CHTR,,,0.0,DN,,2025-12-03
CI,,,0.0,DN,,2025-12-03
CL,,,0.0,DN,,2025-12-03
CLF,,,0.0,DN,,2025-12-03
CMCSA,,,0.0,DN,,2025-12-03
CME,,,0.040264201778761805,DN,,2025-12-03
COP,,,0.0,DN,,2025-12-03
COST,,,0.0,DN,,2025-12-03
CVS,,,0.0,DN,,2025-12-03
CVX,,,0.0,DN,,2025-12-03
DIS,,,0.004229460149639513,DN,,2025-12-03
DUK,,,0.06673209416376953,DN,,2025-12-03
EOG,,,0.05999554351045579,DN,,2025-12-03
EVRG,,,0.036061589253856954,DN,,2025-12-03
EXC,,,0.010034189689679484,DN,,2025-12-03
FCX,,,0.09999033802556788,DN,,2025-12-03
FOX,,,0.060119399310017155,DN,,2025-12-03
FOXA,,,0.01008863165964594,DN,,2025-12-03
GD,,,0.0,DN,,2025-12-03
GE,,,0.0,DN,,2025-12-03
GEVO,,,0.0,DN,,2025-12-03
GOOG,,,0.0,DN,,2025-12-03
GOOGL,,,0.0,DN,,2025-12-03
GS,,,0.0,DN,,2025-12-03
HAL,,,0.0,DN,,2025-12-03
HCA,,,0.0,DN,,2025-12-03
HD,,,0.0,DN,,2025-12-03
HON,,,0.0,DN,,2025-12-03
ICE,,,0.0,DN,,2025-12-03
JNJ,,,0.0,DN,,2025-12-03
JPM,,,0.0,DN,,2025-12-03
KMB,,,0.0,DN,,2025-12-03
KO,,,0.0,DN,,2025-12-03
LLY,,,0.0,DN,,2025-12-03
LMT,,,0.0,DN,,2025-12-03
LVS,,,0.0,DN,,2025-12-03
MAR,,,0.0,DN,,2025-12-03
MCD,,,0.0,DN,,2025-12-03
META,,,0.0,DN,,2025-12-03
MGM,,,0.0,DN,,2025-12-03
MMM,,,0.0,DN,,2025-12-03
MO,,,0.0,DN,,2025-12-03
MPC,,,0.0,DN,,2025-12-03
MRK,,,0.11633077332556883,DN,,2025-12-03
MS,,,0.02057857263714813,DN,,2025-12-03
MSFT,,,0.1478571868884384,DN,,2025-12-03
MUR,,,0.06121565298003636,DN,,2025-12-03
NEE,,,0.028908602569104574,DN,,2025-12-03
NEM,,,0.11287679591857394,DN,,2025-12-03
NKE,,,0.09831136592737975,DN,,2025-12-03
NOC,,,0.006466691502288633,DN,,2025-12-03
NVDA,,,0.012428047942448641,DN,,2025-12-03
OXY,,,0.0,DN,,2025-12-03
PEG,,,0.0,DN,,2025-12-03
PEP,,,0.0,DN,,2025-12-03
PFE,,,0.0,DN,,2025-12-03
PG,,,0.0,DN,,2025-12-03
PM,,,0.0,DN,,2025-12-03
PPL,,,0.0,DN,,2025-12-03
PSX,,,0.0,DN,,2025-12-03
RCL,,,0.0,DN,,2025-12-03
REGN,,,0.0,DN,,2025-12-03
RTX,,,0.0,DN,,2025-12-03
SCCO,,,0.0,DN,,2025-12-03
SCHW,,,0.0,DN,,2025-12-03
SLB,,,0.0,DN,,2025-12-03
SO,,,0.0,DN,,2025-12-03
SPGI,,,0.0,DN,,2025-12-03
T,,,0.0,DN,,2025-12-03
TJX,,,0.0,DN,,2025-12-03
TSLA,,,0.0,DN,,2025-12-03
ULTA,,,0.0,DN,,2025-12-03
UNH,,,0.0,DN,,2025-12-03
VRTX,,,0.0,DN,,2025-12-03
VZ,,,0.0,DN,,2025-12-03
WEC,,,0.0,DN,,2025-12-03
WFC,,,0.0,DN,,2025-12-03
WMT,,,0.039007962375746115,DN,,2025-12-03
XOM,,,0.004743751559635602,DN,117.82499694824219,2025-12-03
AA,,,0.0,DN,,2025-12-04
AAPL,,,0.0,DN,,2025-12-04
ABBV,,,0.0,DN,,2025-12-04
ADYEY,,,0.0,DN,,2025-12-04
AEP,,,0.02275369271175641,DN,,2025-12-04
ALB,,,0.0,DN,,2025-12-04
AMT,,,0.04761651803205136,DN,,2025-12-04
AMZN,,,0.0,DN,,2025-12-04
ARM,,,0.0,DN,,2025-12-04
ASML,,,0.0,DN,,2025-12-04
AVGO,,,0.0,DN,,2025-12-04
AZN,,,0.0,DN,,2025-12-04
BA,,,0.0,DN,,2025-12-04
BAC,,,0.0,DN,,2025-12-04
BLK,,,0.0,DN,,2025-12-04
CAT,,,0.0,DN,,2025-12-04
CF,,,0.0,DN,,2025-12-04
CHTR,,,0.0,DN,,2025-12-04
CI,,,0.0,DN,,2025-12-04
CL,,,0.0,DN,,2025-12-04
CLF,,,0.0,DN,,2025-12-04
CMCSA,,,0.0,DN,,2025-12-04
CME,,,0.031878890761234215,DN,,2025-12-04
COP,,,0.06119341054217827,DN,,2025-12-04
COST,,,0.04123283886480464,DN,,2025-12-04
CVS,,,0.15249152025811982,DN,,2025-12-04
CVX,,,0.06628178526573235,DN,,2025-12-04
DIS,,,0.012704414908919125,DN,,2025-12-04
DUK,,,0.002842464010695811,DN,,2025-12-04
EOG,,,0.0,DN,,2025-12-04
EVRG,,,0.0,DN,,2025-12-04
EXC,,,0.0,DN,,2025-12-04
FCX,,,0.0,DN,,2025-12-04
FOX,,,0.0,DN,,2025-12-04
FOXA,,,0.0,DN,,2025-12-04
GD,,,0.0,DN,,2025-12-04
GE,,,0.0,DN,,2025-12-04
GEVO,,,0.0,DN,,2025-12-04
GOOG,,,0.0,DN,,2025-12-04
GOOGL,,,0.0,DN,,2025-12-04
GS,,,0.0,DN,,2025-12-04
HAL,,,0.0,DN,,2025-12-04
HCA,,,0.0,DN,,2025-12-04
HD,,,0.0,DN,,2025-12-04
HON,,,0.0,DN,,2025-12-04
ICE,,,0.0,DN,,2025-12-04
JNJ,,,0.0,DN,,2025-12-04
JPM,,,0.0,DN,,2025-12-04
KMB,,,0.0,DN,,2025-12-04
KO,,,0.0380238486615418,DN,,2025-12-04
LLY,,,0.0,DN,,2025-12-04
LMT,,,0.0,DN,,2025-12-04
LVS,,,0.0,DN,,2025-12-04
MAR,,,0.0,DN,,2025-12-04
MCD,,,0.0,DN,,2025-12-04
META,,,0.0,DN,,2025-12-04
MGM,,,0.0,DN,,2025-12-04
MMM,,,0.0,DN,,2025-12-04
MO,,,0.0,DN,,2025-12-04
MPC,,,0.0,DN,,2025-12-04
MRK,,,0.0,DN,,2025-12-04
MS,,,0.0,DN,,2025-12-04
MSFT,,,0.0,DN,,2025-12-04
MUR,,,0.0,DN,,2025-12-04
NEE,,,0.0,DN,,2025-12-04
NEM,,,0.10028714860167874,DN,,2025-12-04
NKE,,,0.0,DN,,2025-12-04
NOC,,,0.0,DN,,2025-12-04
NVDA,,,0.0,DN,,2025-12-04
OXY,,,0.0,DN,,2025-12-04
PEG,,,0.0,DN,,2025-12-04
PEP,,,0.027431560465536756,DN,,2025-12-04
PFE,,,0.05233582339105707,DN,,2025-12-04
PG,,,0.021513859107984888,DN,,2025-12-04
PM,,,0.02637007370422837,DN,,2025-12-04
PPL,,,0.0,DN,,2025-12-04
PSX,,,0.06997475464154078,DN,,2025-12-04
RCL,,,0.03917409259427479,DN,,2025-12-04
REGN,,,0.0,DN,,2025-12-04
RTX,,,0.0,DN,,2025-12-04
SCCO,,,0.0,DN,,2025-12-04
SCHW,,,0.0,DN,,2025-12-04
SLB,,,0.0,DN,,2025-12-04
SO,,,0.0,DN,,2025-12-04
SPGI,,,0.0,DN,,2025-12-04
T,,,0.0,DN,,2025-12-04
TJX,,,0.0,DN,,2025-12-04
TSLA,,,0.0,DN,,2025-12-04
ULTA,,,0.0,DN,,2025-12-04
UNH,,,0.0,DN,,2025-12-04
VRTX,,,0.0,DN,,2025-12-04
VZ,,,0.0,DN,,2025-12-04
WEC,,,0.0,DN,,2025-12-04
WFC,,,0.0,DN,,2025-12-04
WMT,,,0.02631593121970725,DN,,2025-12-04
XOM,,,0.031541206948631835,DN,117.13999938964844,2025-12-04
AA,,,0.0,DN,,2025-12-05
AAPL,,,0.0,DN,,2025-12-05
ABBV,,,0.0,DN,,2025-12-05
ADYEY,,,0.0,DN,,2025-12-05
AEP,,,0.0,DN,,2025-12-05
ALB,,,0.0,DN,,2025-12-05
AMT,,,0.0,DN,,2025-12-05
AMZN,,,0.0,DN,,2025-12-05
ARM,,,0.0,DN,,2025-12-05
ASML,,,0.02113048332542205,DN,,2025-12-05
AVGO,,,0.020937747971919187,DN,,2025-12-05
AZN,,,0.0,DN,,2025-12-05
BA,,,0.0,DN,,2025-12-05
BAC,,,0.0,DN,,2025-12-05
BLK,,,0.0,DN,,2025-12-05
CAT,,,0.0,DN,,2025-12-05
CF,,,0.0,DN,,2025-12-05
CHTR,,,0.0,DN,,2025-12-05
CI,,,0.0,DN,,2025-12-05
CL,,,0.01720090815573526,DN,,2025-12-05
CLF,,,0.0,DN,,2025-12-05
CMCSA,,,0.0,DN,,2025-12-05
CME,,,0.0,DN,,2025-12-05
COP,,,0.0,DN,,2025-12-05
COST,,,0.02783126084153898,DN,,2025-12-05
CVS,,,0.0,DN,,2025-12-05
CVX,,,0.0,DN,,2025-12-05
DIS,,,0.0,DN,,2025-12-05
DUK,,,0.12120798355139631,DN,,2025-12-05
EOG,,,0.0,DN,,2025-12-05
EVRG,,,0.0,DN,,2025-12-05
EXC,,,0.0,DN,,2025-12-05
FCX,,,0.07891707123153031,DN,,2025-12-05
FOX,,,0.0,DN,,2025-12-05
FOXA,,,0.0,DN,,2025-12-05
GD,,,0.0,DN,,2025-12-05
GE,,,0.0,DN,,2025-12-05
GEVO,,,0.0,DN,,2025-12-05
GOOG,,,0.041038725635045306,DN,,2025-12-05
GOOGL,,,0.03764953262285226,DN,,2025-12-05
GS,,,0.0,DN,,2025-12-05
HAL,,,0.0,DN,,2025-12-05
HCA,,,0.0,DN,,2025-12-05
HD,,,0.0,DN,,2025-12-05
HON,,,0.0,DN,,2025-12-05
ICE,,,0.0,DN,,2025-12-05
JNJ,,,0.0,DN,,2025-12-05
JPM,,,0.031541691538017565,DN,,2025-12-05
KMB,,,0.0,DN,,2025-12-05
KO,,,0.0,DN,,2025-12-05
LLY,,,0.0,DN,,2025-12-05
LMT,,,0.00543742492284742,DN,,2025-12-05
LVS,,,0.0,DN,,2025-12-05
MAR,,,0.0,DN,,2025-12-05
MCD,,,0.0,DN,,2025-12-05
META,,,0.0,DN,,2025-12-05
MGM,,,0.12025168047504403,DN,,2025-12-05
MMM,,,0.0,DN,,2025-12-05
MO,,,0.0,DN,,2025-12-05
MPC,,,0.0,DN,,2025-12-05
MRK,,,0.0,DN,,2025-12-05
MS,,,0.0,DN,,2025-12-05
MSFT,,,0.0,DN,,2025-12-05
MUR,,,0.0,DN,,2025-12-05
NEE,,,0.10444519046057922,DN,,2025-12-05
NEM,,,0.016182351166962518,DN,,2025-12-05
NKE,,,0.0,DN,,2025-12-05
NOC,,,0.0,DN,,2025-12-05
NVDA,,,0.0,DN,,2025-12-05
OXY,,,0.0,DN,,2025-12-05
PEG,,,0.0,DN,,2025-12-05
PEP,,,0.02618012285137617,DN,,2025-12-05
PFE,,,0.0,DN,,2025-12-05
PG,,,0.0,DN,,2025-12-05
PM,,,0.0,DN,,2025-12-05
PPL,,,0.15749378011738366,DN,,2025-12-05
PSX,,,0.0,DN,,2025-12-05
RCL,,,0.0,DN,,2025-12-05
REGN,,,0.0,DN,,2025-12-05
RTX,,,0.0,DN,,2025-12-05
SCCO,,,0.0,DN,,2025-12-05
SCHW,,,0.0,DN,,2025-12-05
SLB,,,0.0,DN,,2025-12-05
SO,,,0.0,DN,,2025-12-05
SPGI,,,0.0331517166800742,DN,,2025-12-05
T,,,0.0837802904009496,DN,,2025-12-05
TJX,,,0.05118623095110497,DN,,2025-12-05
TSLA,,,0.0,DN,,2025-12-05
ULTA,,,0.0,DN,,2025-12-05
UNH,,,0.0,DN,,2025-12-05
VRTX,,,0.0,DN,,2025-12-05
VZ,,,0.0,DN,,2025-12-05
WEC,,,0.0,DN,,2025-12-05
WFC,,,0.03888900916898459,DN,,2025-12-05
WMT,,,0.0,DN,,2025-12-05
XOM,,,0.05646988871787879,DN,116.5199966430664,2025-12-05
AA,,,0.0,DN,,2025-12-08
AAPL,,,0.0,DN,,2025-12-08
ABBV,,,0.0,DN,,2025-12-08
ADYEY,,,0.0,DN,,2025-12-08
AEP,,,0.05973591937311373,DN,,2025-12-08
ALB,,,0.0,DN,,2025-12-08
AMT,,,0.0,DN,,2025-12-08
AMZN,,,0.0,DN,,2025-12-08
ARM,,,0.0,DN,,2025-12-08
ASML,,,0.0,DN,,2025-12-08
AVGO,,,0.0,DN,,2025-12-08
AZN,,,0.0,DN,,2025-12-08
BA,,,0.034740919947403595,DN,,2025-12-08
BAC,,,0.026999141851891804,DN,,2025-12-08
BLK,,,0.0,DN,,2025-12-08
CAT,,,0.0,DN,,2025-12-08
CF,,,0.11517261921084275,DN,,2025-12-08
CHTR,,,0.0,DN,,2025-12-08
CI,,,0.0,DN,,2025-12-08
CL,,,0.0,DN,,2025-12-08
CLF,,,0.0,DN,,2025-12-08
CMCSA,,,0.0,DN,,2025-12-08
CME,,,0.0,DN,,2025-12-08
COP,,,0.05523014669107085,DN,,2025-12-08
COST,,,0.0,DN,,2025-12-08
CVS,,,0.0,DN,,2025-12-08
CVX,,,0.0,DN,,2025-12-08
DIS,,,0.0,DN,,2025-12-08
DUK,,,0.0,DN,,2025-12-08
EOG,,,0.0,DN,,2025-12-08
EVRG,,,0.05171330575566087,DN,,2025-12-08
EXC,,,0.03348493303834642,DN,,2025-12-08
FCX,,,0.0,DN,,2025-12-08
FOX,,,0.0,DN,,2025-12-08
FOXA,,,0.0,DN,,2025-12-08
GD,,,0.0,DN,,2025-12-08
GE,,,0.0,DN,,2025-12-08
GEVO,,,0.0,DN,,2025-12-08
GOOG,,,0.0,DN,,2025-12-08
GOOGL,,,0.10275405175815845,DN,,2025-12-08
GS,,,0.0,DN,,2025-12-08
HAL,,,0.0,DN,,2025-12-08
HCA,,,0.0,DN,,2025-12-08
HD,,,0.0,DN,,2025-12-08
HON,,,0.037332985332859774,DN,,2025-12-08
ICE,,,0.0,DN,,2025-12-08
JNJ,,,0.0,DN,,2025-12-08
JPM,,,0.055877452532977635,DN,,2025-12-08
KMB,,,0.089662206308109,DN,,2025-12-08
KO,,,0.010015151711337728,DN,,2025-12-08
LLY,,,0.0,DN,,2025-12-08
LMT,,,0.0,DN,,2025-12-08
LVS,,,0.0,DN,,2025-12-08
MAR,,,0.0,DN,,2025-12-08
MCD,,,0.0,DN,,2025-12-08
META,,,0.0,DN,,2025-12-08
MGM,,,0.0,DN,,2025-12-08
MMM,,,0.0,DN,,2025-12-08
MO,,,0.0,DN,,2025-12-08
MPC,,,0.0,DN,,2025-12-08
MRK,,,0.0,DN,,2025-12-08
MS,,,0.0,DN,,2025-12-08
MSFT,,,0.03876785182332998,DN,,2025-12-08
MUR,,,0.09623368085141802,DN,,2025-12-08
NEE,,,0.0,DN,,2025-12-08
NEM,,,0.0,DN,,2025-12-08
NKE,,,0.0,DN,,2025-12-08
NOC,,,0.0,DN,,2025-12-08
NVDA,,,0.0,DN,,2025-12-08
OXY,,,0.0,DN,,2025-12-08
PEG,,,0.0,DN,,2025-12-08
PEP,,,0.0,DN,,2025-12-08
PFE,,,0.08638502946301774,DN,,2025-12-08
PG,,,0.07248928633632677,DN,,2025-12-08
PM,,,0.0,DN,,2025-12-08
PPL,,,0.0,DN,,2025-12-08
PSX,,,0.0,DN,,2025-12-08
RCL,,,0.0,DN,,2025-12-08
REGN,,,0.019701444437513826,DN,,2025-12-08
RTX,,,0.0,DN,,2025-12-08
SCCO,,,0.0,DN,,2025-12-08
SCHW,,,0.0,DN,,2025-12-08
SLB,,,0.0,DN,,2025-12-08
SO,,,0.0,DN,,2025-12-08
SPGI,,,0.0,DN,,2025-12-08
T,,,0.013513156844197486,DN,,2025-12-08
TJX,,,0.0,DN,,2025-12-08
TSLA,,,0.0,DN,,2025-12-08
ULTA,,,0.0,DN,,2025-12-08
UNH,,,0.01002536545512499,DN,,2025-12-08
VRTX,,,0.0,DN,,2025-12-08
VZ,,,0.0,DN,,2025-12-08
WEC,,,0.0,DN,,2025-12-08
WFC,,,0.0,DN,,2025-12-08
WMT,,,0.0,DN,,2025-12-08
XOM,,,0.005939209191054803,DN,115.98999786376953,2025-12-08
AA,,,0.0,DN,,2025-12-09
AAPL,,,0.0,DN,,2025-12-09
ABBV,,,0.058495909647883176,DN,,2025-12-09
ADYEY,,,0.0,DN,,2025-12-09
AEP,,,0.0,DN,,2025-12-09
ALB,,,0.02608109408108074,DN,,2025-12-09
AMT,,,0.0,DN,,2025-12-09
AMZN,,,0.0,DN,,2025-12-09
ARM,,,0.0,DN,,2025-12-09
ASML,,,0.0,DN,,2025-12-09
AVGO,,,0.0,DN,,2025-12-09
AZN,,,0.0,DN,,2025-12-09
BA,,,0.0,DN,,2025-12-09
BAC,,,0.0,DN,,2025-12-09
BLK,,,0.0,DN,,2025-12-09
CAT,,,0.0,DN,,2025-12-09
CF,,,0.049670386498823264,DN,,2025-12-09
CHTR,,,0.04644966417879017,DN,,2025-12-09
CI,,,0.11558379441338835,DN,,2025-12-09
CL,,,0.0,DN,,2025-12-09
CLF,,,0.0,DN,,2025-12-09
CMCSA,,,0.0,DN,,2025-12-09
CME,,,0.0,DN,,2025-12-09
COP,,,0.0,DN,,2025-12-09
COST,,,0.0,DN,,2025-12-09
CVS,,,0.0,DN,,2025-12-09
CVX,,,0.0,DN,,2025-12-09
DIS,,,0.0,DN,,2025-12-09
DUK,,,0.0,DN,,2025-12-09
EOG,,,0.0,DN,,2025-12-09
EVRG,,,0.0,DN,,2025-12-09
EXC,,,0.0,DN,,2025-12-09
FCX,,,0.0,DN,,2025-12-09
FOX,,,0.0,DN,,2025-12-09
FOXA,,,0.0,DN,,2025-12-09
GD,,,0.0,DN,,2025-12-09
GE,,,0.0,DN,,2025-12-09
GEVO,,,0.0,DN,,2025-12-09
GOOG,,,0.0,DN,,2025-12-09
GOOGL,,,0.0,DN,,2025-12-09
GS,,,0.0,DN,,2025-12-09
HAL,,,0.0,DN,,2025-12-09
HCA,,,0.0,DN,,2025-12-09
HD,,,0.0,DN,,2025-12-09
HON,,,0.0,DN,,2025-12-09
ICE,,,0.0,DN,,2025-12-09
JNJ,,,0.0,DN,,2025-12-09
JPM,,,0.06491247697842226,DN,,2025-12-09
KMB,,,0.047923787366054946,DN,,2025-12-09
KO,,,0.01595563534898993,DN,,2025-12-09
LLY,,,0.03636751382461277,DN,,2025-12-09
LMT,,,0.035620790405503075,DN,,2025-12-09
LVS,,,0.0016819746750977246,DN,,2025-12-09
MAR,,,0.06754191154022864,DN,,2025-12-09
MCD,,,0.0061191874294986605,DN,,2025-12-09
META,,,0.007832162241101748,DN,,2025-12-09
MGM,,,0.012452285117818873,DN,,2025-12-09
MMM,,,0.02299621626100003,DN,,2025-12-09
MO,,,0.011522684801855535,DN,,2025-12-09
MPC,,,0.0,DN,,2025-12-09
MRK,,,0.0,DN,,2025-12-09
MS,,,0.0,DN,,2025-12-09
MSFT,,,0.0,DN,,2025-12-09
MUR,,,0.0,DN,,2025-12-09
NEE,,,0.0,DN,,2025-12-09
NEM,,,0.0,DN,,2025-12-09
NKE,,,0.0,DN,,2025-12-09
NOC,,,0.0,DN,,2025-12-09
NVDA,,,0.0,DN,,2025-12-09
OXY,,,0.0,DN,,2025-12-09
PEG,,,0.0,DN,,2025-12-09
PEP,,,0.0,DN,,2025-12-09
PFE,,,0.0,DN,,2025-12-09
PG,,,0.0,DN,,2025-12-09
PM,,,0.0,DN,,2025-12-09
PPL,,,0.0,DN,,2025-12-09
PSX,,,0.0,DN,,2025-12-09
RCL,,,0.0,DN,,2025-12-09
REGN,,,0.0,DN,,2025-12-09
RTX,,,0.0,DN,,2025-12-09
SCCO,,,0.0,DN,,2025-12-09
SCHW,,,0.0,DN,,2025-12-09
SLB,,,0.0,DN,,2025-12-09
SO,,,0.0,DN,,2025-12-09
SPGI,,,0.0,DN,,2025-12-09
T,,,0.0,DN,,2025-12-09
TJX,,,0.0,DN,,2025-12-09
TSLA,,,0.0,DN,,2025-12-09
ULTA,,,0.0,DN,,2025-12-09
UNH,,,0.0,DN,,2025-12-09
VRTX,,,0.07496744789852908,DN,,2025-12-09
VZ,,,0.0,DN,,2025-12-09
WEC,,,0.0,DN,,2025-12-09
WFC,,,0.03640084781819016,DN,,2025-12-09
WMT,,,0.0,DN,,2025-12-09
XOM,,,0.022715647880142752,DN,118.23999786376953,2025-12-09
AA,,,0.0,DN,,2025-12-10
AAPL,,,0.0,DN,,2025-12-10
ABBV,,,0.0,DN,,2025-12-10
ADYEY,,,0.04308514837885926,DN,,2025-12-10
AEP,,,0.0,DN,,2025-12-10
ALB,,,0.0,DN,,2025-12-10
AMT,,,0.0,DN,,2025-12-10
AMZN,,,0.0,DN,,2025-12-10
ARM,,,0.0,DN,,2025-12-10
ASML,,,0.0,DN,,2025-12-10
AVGO,,,0.0,DN,,2025-12-10
AZN,,,0.0,DN,,2025-12-10
BA,,,0.0,DN,,2025-12-10
BAC,,,0.0,DN,,2025-12-10
BLK,,,0.0,DN,,2025-12-10
CAT,,,0.0,DN,,2025-12-10
CF,,,0.0,DN,,2025-12-10
CHTR,,,0.0,DN,,2025-12-10
CI,,,0.0,DN,,2025-12-10
CL,,,0.0,DN,,2025-12-10
CLF,,,0.0,DN,,2025-12-10
CMCSA,,,0.0,DN,,2025-12-10
CME,,,0.0,DN,,2025-12-10
COP,,,0.0,DN,,2025-12-10
COST,,,0.0,DN,,2025-12-10
CVS,,,0.0,DN,,2025-12-10
CVX,,,0.0,DN,,2025-12-10
DIS,,,0.0,DN,,2025-12-10
DUK,,,0.0,DN,,2025-12-10
EOG,,,0.0,DN,,2025-12-10
EVRG,,,0.0,DN,,2025-12-10
EXC,,,0.0,DN,,2025-12-10
FCX,,,0.0,DN,,2025-12-10
FOX,,,0.03519230602478269,DN,,2025-12-10
FOXA,,,0.040451251469787,DN,,2025-12-10
GD,,,0.041253035380834885,DN,,2025-12-10
GE,,,0.00827807388639366,DN,,2025-12-10
GEVO,,,0.1477564819252679,DN,,2025-12-10
GOOG,,,0.02273183395861792,DN,,2025-12-10
GOOGL,,,0.03486664928526557,DN,,2025-12-10
GS,,,0.128000909474853,DN,,2025-12-10
HAL,,,0.11490556269137098,DN,,2025-12-10
HCA,,,0.02231849041241718,DN,,2025-12-10
HD,,,0.045756678833760105,DN,,2025-12-10
HON,,,0.002330706205183119,DN,,2025-12-10
ICE,,,0.09437924158512866,DN,,2025-12-10
JNJ,,,0.0792965762284657,DN,,2025-12-10
JPM,,,0.0,DN,,2025-12-10
KMB,,,0.05514688439777303,DN,,2025-12-10
KO,,,0.0,DN,,2025-12-10
LLY,,,0.005402338411706625,DN,,2025-12-10
LMT,,,0.0,DN,,2025-12-10
LVS,,,0.0,DN,,2025-12-10
MAR,,,0.0,DN,,2025-12-10
MCD,,,0.0,DN,,2025-12-10
META,,,0.0,DN,,2025-12-10
MGM,,,0.0,DN,,2025-12-10
MMM,,,0.0,DN,,2025-12-10
MO,,,0.0,DN,,2025-12-10
MPC,,,0.0,DN,,2025-12-10
MRK,,,0.0,DN,,2025-12-10
MS,,,0.0,DN,,2025-12-10
MSFT,,,0.0,DN,,2025-12-10
MUR,,,0.0,DN,,2025-12-10
NEE,,,0.0,DN,,2025-12-10
NEM,,,0.0,DN,,2025-12-10
NKE,,,0.0,DN,,2025-12-10
NOC,,,0.0,DN,,2025-12-10
NVDA,,,0.0,DN,,2025-12-10
OXY,,,0.0,DN,,2025-12-10
PEG,,,0.0,DN,,2025-12-10
PEP,,,0.0,DN,,2025-12-10
PFE,,,0.0,DN,,2025-12-10
PG,,,0.0,DN,,2025-12-10
PM,,,0.0,DN,,2025-12-10
PPL,,,0.0,DN,,2025-12-10
PSX,,,0.0,DN,,2025-12-10
RCL,,,0.0,DN,,2025-12-10
REGN,,,0.0,DN,,2025-12-10
RTX,,,0.0,DN,,2025-12-10
SCCO,,,0.0,DN,,2025-12-10
SCHW,,,0.0,DN,,2025-12-10
SLB,,,0.0,DN,,2025-12-10
SO,,,0.0,DN,,2025-12-10
SPGI,,,0.0,DN,,2025-12-10
T,,,0.0,DN,,2025-12-10
TJX,,,0.0,DN,,2025-12-10
TSLA,,,0.0,DN,,2025-12-10
ULTA,,,0.0,DN,,2025-12-10
UNH,,,0.04093946124570058,DN,,2025-12-10
VRTX,,,0.0,DN,,2025-12-10
VZ,,,0.0,DN,,2025-12-10
WEC,,,0.0,DN,,2025-12-10
WFC,,,0.027154872746783583,DN,,2025-12-10
WMT,,,0.0,DN,,2025-12-10
XOM,,,0.004678056373483119,DN,119.52999877929688,2025-12-10
AA,,,0.0,DN,,2025-12-11
AAPL,,,0.0,DN,,2025-12-11
ABBV,,,0.0,DN,,2025-12-11
ADYEY,,,0.0,DN,,2025-12-11
AEP,,,0.0,DN,,2025-12-11
ALB,,,0.0,DN,,2025-12-11
AMT,,,0.0,DN,,2025-12-11
AMZN,,,0.0,DN,,2025-12-11
ARM,,,0.0,DN,,2025-12-11
ASML,,,0.02287533099294589,DN,,2025-12-11
AVGO,,,0.02200014294958951,DN,,2025-12-11
AZN,,,0.0,DN,,2025-12-11
BA,,,0.0,DN,,2025-12-11
BAC,,,0.0,DN,,2025-12-11
BLK,,,0.0,DN,,2025-12-11
CAT,,,0.0,DN,,2025-12-11
CF,,,0.0,DN,,2025-12-11
CHTR,,,0.0,DN,,2025-12-11
CI,,,0.0,DN,,2025-12-11
CL,,,0.00578969976365433,DN,,2025-12-11
CLF,,,0.0,DN,,2025-12-11
CMCSA,,,0.0,DN,,2025-12-11
CME,,,0.0,DN,,2025-12-11
COP,,,0.0,DN,,2025-12-11
COST,,,0.0,DN,,2025-12-11
CVS,,,0.0,DN,,2025-12-11
CVX,,,0.010240821512392945,DN,,2025-12-11
DIS,,,0.06134485242278157,DN,,2025-12-11
DUK,,,0.05486778553815726,DN,,2025-12-11
EOG,,,0.0,DN,,2025-12-11
EVRG,,,0.0,DN,,2025-12-11
EXC,,,0.0,DN,,2025-12-11
FCX,,,0.0,DN,,2025-12-11
FOX,,,0.0,DN,,2025-12-11
FOXA,,,0.0,DN,,2025-12-11
GD,,,0.0,DN,,2025-12-11
GE,,,0.0,DN,,2025-12-11
GEVO,,,0.0,DN,,2025-12-11
GOOG,,,0.0,DN,,2025-12-11
GOOGL,,,0.0,DN,,2025-12-11
GS,,,0.0,DN,,2025-12-11
HAL,,,0.0,DN,,2025-12-11
HCA,,,0.0,DN,,2025-12-11
HD,,,0.0,DN,,2025-12-11
HON,,,0.0,DN,,2025-12-11
ICE,,,0.0,DN,,2025-12-11
JNJ,,,0.0,DN,,2025-12-11
JPM,,,0.0,DN,,2025-12-11
KMB,,,0.0,DN,,2025-12-11
KO,,,0.0,DN,,2025-12-11
LLY,,,0.0,DN,,2025-12-11
LMT,,,0.0708541659059409,DN,,2025-12-11
LVS,,,0.0524775254063454,DN,,2025-12-11
MAR,,,0.007543531365002387,DN,,2025-12-11
MCD,,,0.010112150336381862,DN,,2025-12-11
META,,,0.05253358181003537,DN,,2025-12-11
MGM,,,0.0,DN,,2025-12-11
MMM,,,0.0,DN,,2025-12-11
MO,,,0.0,DN,,2025-12-11
MPC,,,0.0,DN,,2025-12-11
MRK,,,0.0,DN,,2025-12-11
MS,,,0.0,DN,,2025-12-11
MSFT,,,0.0,DN,,2025-12-11
MUR,,,0.0,DN,,2025-12-11
NEE,,,0.0,DN,,2025-12-11
NEM,,,0.0,DN,,2025-12-11
NKE,,,0.0,DN,,2025-12-11
NOC,,,0.0,DN,,2025-12-11
NVDA,,,0.07632463750088343,DN,,2025-12-11
OXY,,,0.0,DN,,2025-12-11
PEG,,,0.0,DN,,2025-12-11
PEP,,,0.0,DN,,2025-12-11
PFE,,,0.06949699657816247,DN,,2025-12-11
PG,,,0.04298055828229486,DN,,2025-12-11
PM,,,0.01927589417688786,DN,,2025-12-11
PPL,,,0.0,DN,,2025-12-11
PSX,,,0.0,DN,,2025-12-11
RCL,,,0.0,DN,,2025-12-11
REGN,,,0.0,DN,,2025-12-11
RTX,,,0.0,DN,,2025-12-11
SCCO,,,0.0,DN,,2025-12-11
SCHW,,,0.0,DN,,2025-12-11
SLB,,,0.0,DN,,2025-12-11
SO,,,0.0,DN,,2025-12-11
SPGI,,,0.0,DN,,2025-12-11
T,,,0.05962896932374365,DN,,2025-12-11
TJX,,,0.0,DN,,2025-12-11
TSLA,,,0.0,DN,,2025-12-11
ULTA,,,0.0,DN,,2025-12-11
UNH,,,0.0,DN,,2025-12-11
VRTX,,,0.0,DN,,2025-12-11
VZ,,,0.0,DN,,2025-12-11
WEC,,,0.0,DN,,2025-12-11
WFC,,,0.0949566575903243,DN,,2025-12-11
WMT,,,0.0,DN,,2025-12-11
XOM,,,0.035594702806869105,DN,119.55000305175781,2025-12-11
AA,,,0.09248114662073148,DN,,2025-12-12
AAPL,,,0.0,DN,,2025-12-12
ABBV,,,0.0,DN,,2025-12-12
ADYEY,,,0.028704995737922834,DN,,2025-12-12
AEP,,,0.0,DN,,2025-12-12
ALB,,,0.0,DN,,2025-12-12
AMT,,,0.0,DN,,2025-12-12
AMZN,,,0.0,DN,,2025-12-12
ARM,,,0.0,DN,,2025-12-12
ASML,,,0.0,DN,,2025-12-12
AVGO,,,0.0,DN,,2025-12-12
AZN,,,0.0,DN,,2025-12-12
BA,,,0.0,DN,,2025-12-12
BAC,,,0.0,DN,,2025-12-12
BLK,,,0.0,DN,,2025-12-12
CAT,,,0.0,DN,,2025-12-12
CF,,,0.0,DN,,2025-12-12
CHTR,,,0.0,DN,,2025-12-12
CI,,,0.0,DN,,2025-12-12
CL,,,0.0,DN,,2025-12-12
CLF,,,0.0,DN,,2025-12-12
CMCSA,,,0.0,DN,,2025-12-12
CME,,,0.0,DN,,2025-12-12
COP,,,0.04554340745224551,DN,,2025-12-12
COST,,,0.0,DN,,2025-12-12
CVS,,,0.13164061692437823,DN,,2025-12-12
CVX,,,0.017891798940832922,DN,,2025-12-12
DIS,,,0.036140155195976346,DN,,2025-12-12
DUK,,,0.021355169444421042,DN,,2025-12-12
EOG,,,0.015517702755180439,DN,,2025-12-12
EVRG,,,0.022743374650627868,DN,,2025-12-12
EXC,,,0.02002478226457869,DN,,2025-12-12
FCX,,,0.0,DN,,2025-12-12
FOX,,,0.0389239306433849,DN,,2025-12-12
FOXA,,,0.0251231694350871,DN,,2025-12-12
GD,,,0.0,DN,,2025-12-12
GE,,,0.0,DN,,2025-12-12
GEVO,,,0.0,DN,,2025-12-12
GOOG,,,0.0,DN,,2025-12-12
GOOGL,,,0.0,DN,,2025-12-12
GS,,,0.0,DN,,2025-12-12
HAL,,,0.0,DN,,2025-12-12
HCA,,,0.0,DN,,2025-12-12
HD,,,0.0,DN,,2025-12-12
HON,,,0.0,DN,,2025-12-12
ICE,,,0.0,DN,,2025-12-12
JNJ,,,0.0,DN,,2025-12-12
JPM,,,0.0,DN,,2025-12-12
KMB,,,0.0,DN,,2025-12-12
KO,,,0.0,DN,,2025-12-12
LLY,,,0.0,DN,,2025-12-12
LMT,,,0.0,DN,,2025-12-12
LVS,,,0.0,DN,,2025-12-12
MAR,,,0.0,DN,,2025-12-12
MCD,,,0.0,DN,,2025-12-12
META,,,0.0,DN,,2025-12-12
MGM,,,0.0,DN,,2025-12-12
MMM,,,0.0,DN,,2025-12-12
MO,,,0.0,DN,,2025-12-12
MPC,,,0.0,DN,,2025-12-12
MRK,,,0.0,DN,,2025-12-12
MS,,,0.0,DN,,2025-12-12
MSFT,,,0.0,DN,,2025-12-12
MUR,,,0.0,DN,,2025-12-12
NEE,,,0.0,DN,,2025-12-12
NEM,,,0.0,DN,,2025-12-12
NKE,,,0.0,DN,,2025-12-12
NOC,,,0.0,DN,,2025-12-12
NVDA,,,0.0,DN,,2025-12-12
OXY,,,0.0,DN,,2025-12-12
PEG,,,0.0,DN,,2025-12-12
PEP,,,0.0,DN,,2025-12-12
PFE,,,0.0,DN,,2025-12-12
PG,,,0.0,DN,,2025-12-12
PM,,,0.0,DN,,2025-12-12
PPL,,,0.0,DN,,2025-12-12
PSX,,,0.00790345810759298,DN,,2025-12-12
RCL,,,0.03261976238104288,DN,,2025-12-12
REGN,,,0.11704419028210201,DN,,2025-12-12
RTX,,,0.05519755493938978,DN,,2025-12-12
SCCO,,,0.006280035833538264,DN,,2025-12-12
SCHW,,,0.14435321474157464,DN,,2025-12-12
SLB,,,0.053989236478525694,DN,,2025-12-12
SO,,,0.0,DN,,2025-12-12
SPGI,,,0.0,DN,,2025-12-12
T,,,0.0,DN,,2025-12-12
TJX,,,0.0,DN,,2025-12-12
TSLA,,,0.0,DN,,2025-12-12
ULTA,,,0.0,DN,,2025-12-12
UNH,,,0.0,DN,,2025-12-12
VRTX,,,0.0,DN,,2025-12-12
VZ,,,0.0,DN,,2025-12-12
WEC,,,0.0,DN,,2025-12-12
WFC,,,0.0,DN,,2025-12-12
WMT,,,0.0,DN,,2025-12-12
XOM,,,0.017892540759553963,DN,118.81999969482422,2025-12-12
AA,,,0.0,DN,,2025-12-15
AAPL,,,0.0,DN,,2025-12-15
ABBV,,,0.0,DN,,2025-12-15
ADYEY,,,0.0,DN,,2025-12-15
AEP,,,0.0,DN,,2025-12-15
ALB,,,0.0,DN,,2025-12-15
AMT,,,0.0,DN,,2025-12-15
AMZN,,,0.023132694511019496,DN,,2025-12-15
ARM,,,0.0,DN,,2025-12-15
ASML,,,0.0,DN,,2025-12-15
AVGO,,,0.0,DN,,2025-12-15
AZN,,,0.0,DN,,2025-12-15
BA,,,0.0,DN,,2025-12-15
BAC,,,0.0,DN,,2025-12-15
BLK,,,0.0,DN,,2025-12-15
CAT,,,0.0,DN,,2025-12-15
CF,,,0.0,DN,,2025-12-15
CHTR,,,0.0,DN,,2025-12-15
CI,,,0.0655404220235882,DN,,2025-12-15
CL,,,0.04936937290047266,DN,,2025-12-15
CLF,,,0.06162365290627737,DN,,2025-12-15
CMCSA,,,0.007444014728353797,DN,,2025-12-15
CME,,,0.0,DN,,2025-12-15
COP,,,0.0,DN,,2025-12-15
COST,,,0.0,DN,,2025-12-15
CVS,,,0.0,DN,,2025-12-15
CVX,,,0.0,DN,,2025-12-15
DIS,,,0.0,DN,,2025-12-15
DUK,,,0.0,DN,,2025-12-15
EOG,,,0.0,DN,,2025-12-15
EVRG,,,0.0,DN,,2025-12-15
EXC,,,0.0,DN,,2025-12-15
FCX,,,0.0,DN,,2025-12-15
FOX,,,0.0,DN,,2025-12-15
FOXA,,,0.0,DN,,2025-12-15
GD,,,0.0,DN,,2025-12-15
GE,,,0.011137931900199214,DN,,2025-12-15
GEVO,,,0.10140888536907013,DN,,2025-12-15
GOOG,,,0.04918868430382756,DN,,2025-12-15
GOOGL,,,0.0,DN,,2025-12-15
GS,,,0.0,DN,,2025-12-15
HAL,,,0.0,DN,,2025-12-15
HCA,,,0.0,DN,,2025-12-15
HD,,,0.0,DN,,2025-12-15
HON,,,0.0,DN,,2025-12-15
ICE,,,0.0,DN,,2025-12-15
JNJ,,,0.0,DN,,2025-12-15
JPM,,,0.0,DN,,2025-12-15
KMB,,,0.0,DN,,2025-12-15
KO,,,0.0031507299202982015,DN,,2025-12-15
LLY,,,0.0,DN,,2025-12-15
LMT,,,0.0,DN,,2025-12-15
LVS,,,0.0,DN,,2025-12-15
MAR,,,0.0,DN,,2025-12-15
MCD,,,0.0,DN,,2025-12-15
META,,,0.0,DN,,2025-12-15
MGM,,,0.0,DN,,2025-12-15
MMM,,,0.0,DN,,2025-12-15
MO,,,0.0,DN,,2025-12-15
MPC,,,0.0,DN,,2025-12-15
MRK,,,0.0,DN,,2025-12-15
MS,,,0.0,DN,,2025-12-15
MSFT,,,0.0,DN,,2025-12-15
MUR,,,0.0,DN,,2025-12-15
NEE,,,0.0,DN,,2025-12-15
NEM,,,0.037082592420100056,DN,,2025-12-15
NKE,,,0.02636155775917337,DN,,2025-12-15
NOC,,,0.041655508427107794,DN,,2025-12-15
NVDA,,,0.0,DN,,2025-12-15
OXY,,,0.0,DN,,2025-12-15
PEG,,,0.0,DN,,2025-12-15
PEP,,,0.0,DN,,2025-12-15
PFE,,,0.0,DN,,2025-12-15
PG,,,0.0,DN,,2025-12-15
PM,,,0.0,DN,,2025-12-15
PPL,,,0.0032640772952813773,DN,,2025-12-15
PSX,,,0.0,DN,,2025-12-15
RCL,,,0.0,DN,,2025-12-15
REGN,,,0.0,DN,,2025-12-15
RTX,,,0.0,DN,,2025-12-15
SCCO,,,0.0,DN,,2025-12-15
SCHW,,,0.04938366873732579,DN,,2025-12-15
SLB,,,0.028785193731022223,DN,,2025-12-15
SO,,,0.05474145893866908,DN,,2025-12-15
SPGI,,,0.0,DN,,2025-12-15
T,,,0.05045514714103872,DN,,2025-12-15
TJX,,,0.0,DN,,2025-12-15
TSLA,,,0.0,DN,,2025-12-15
ULTA,,,0.0,DN,,2025-12-15
UNH,,,0.0,DN,,2025-12-15
VRTX,,,0.029479784613805828,DN,,2025-12-15
VZ,,,0.0,DN,,2025-12-15
WEC,,,0.0,DN,,2025-12-15
WFC,,,0.03254170837888944,DN,,2025-12-15
WMT,,,0.0,DN,,2025-12-15
XOM,,,0.006648273809595402,DN,117.73999786376953,2025-12-15
AA,,,0.007202272107887781,DN,,2025-12-16
AAPL,,,0.0,DN,,2025-12-16
ABBV,,,0.0020001302622599092,DN,,2025-12-16
ADYEY,,,0.0,DN,,2025-12-16
AEP,,,0.0,DN,,2025-12-16
ALB,,,0.0,DN,,2025-12-16
AMT,,,0.0,DN,,2025-12-16
AMZN,,,0.0,DN,,2025-12-16
ARM,,,0.0,DN,,2025-12-16
ASML,,,0.0,DN,,2025-12-16
AVGO,,,0.0,DN,,2025-12-16
AZN,,,0.0,DN,,2025-12-16
BA,,,0.0,DN,,2025-12-16
BAC,,,0.0,DN,,2025-12-16
BLK,,,0.0,DN,,2025-12-16
CAT,,,0.0,DN,,2025-12-16
CF,,,0.0,DN,,2025-12-16
CHTR,,,0.0,DN,,2025-12-16
CI,,,0.0,DN,,2025-12-16
CL,,,0.0,DN,,2025-12-16
CLF,,,0.0,DN,,2025-12-16
CMCSA,,,0.0,DN,,2025-12-16
CME,,,0.0,DN,,2025-12-16
COP,,,0.0,DN,,2025-12-16
COST,,,0.0,DN,,2025-12-16
CVS,,,0.0,DN,,2025-12-16
CVX,,,0.0,DN,,2025-12-16
DIS,,,0.0,DN,,2025-12-16
DUK,,,0.0,DN,,2025-12-16
EOG,,,0.0,DN,,2025-12-16
EVRG,,,0.0,DN,,2025-12-16
EXC,,,0.0,DN,,2025-12-16
FCX,,,0.0,DN,,2025-12-16
FOX,,,0.0,DN,,2025-12-16
FOXA,,,0.0,DN,,2025-12-16
GD,,,0.0,DN,,2025-12-16
GE,,,0.03475784181577555,DN,,2025-12-16
GEVO,,,0.0,DN,,2025-12-16
GOOG,,,0.007998657483542962,DN,,2025-12-16
GOOGL,,,0.008032225514303841,DN,,2025-12-16
GS,,,0.06190516225546541,DN,,2025-12-16
HAL,,,0.08193757539047615,DN,,2025-12-16
HCA,,,0.06204877490670413,DN,,2025-12-16
HD,,,0.07078733587755083,DN,,2025-12-16
HON,,,0.029362129532871702,DN,,2025-12-16
ICE,,,0.08836486941516483,DN,,2025-12-16
JNJ,,,0.007478198753484315,DN,,2025-12-16
JPM,,,0.09877517410686845,DN,,2025-12-16
KMB,,,0.0,DN,,2025-12-16
KO,,,0.0,DN,,2025-12-16
LLY,,,0.0,DN,,2025-12-16
LMT,,,0.0,DN,,2025-12-16
LVS,,,0.0,DN,,2025-12-16
MAR,,,0.0,DN,,2025-12-16
MCD,,,0.0,DN,,2025-12-16
META,,,0.0,DN,,2025-12-16
MGM,,,0.0,DN,,2025-12-16
MMM,,,0.0,DN,,2025-12-16
MO,,,0.0,DN,,2025-12-16
MPC,,,0.0,DN,,2025-12-16
MRK,,,0.0,DN,,2025-12-16
MS,,,0.0,DN,,2025-12-16
MSFT,,,0.0,DN,,2025-12-16
MUR,,,0.0,DN,,2025-12-16
NEE,,,0.0,DN,,2025-12-16
NEM,,,0.0,DN,,2025-12-16
NKE,,,0.0,DN,,2025-12-16
NOC,,,0.0,DN,,2025-12-16
NVDA,,,0.0,DN,,2025-12-16
OXY,,,0.0,DN,,2025-12-16
PEG,,,0.0,DN,,2025-12-16
PEP,,,0.0,DN,,2025-12-16
PFE,,,0.0,DN,,2025-12-16
PG,,,0.05760092798494469,DN,,2025-12-16
PM,,,0.017000395101463842,DN,,2025-12-16
PPL,,,0.09177606170062079,DN,,2025-12-16
PSX,,,0.022042746785911466,DN,,2025-12-16
RCL,,,0.0688845365567037,DN,,2025-12-16
REGN,,,0.0,DN,,2025-12-16
RTX,,,0.0,DN,,2025-12-16
SCCO,,,0.0,DN,,2025-12-16
SCHW,,,0.0,DN,,2025-12-16
SLB,,,0.0,DN,,2025-12-16
SO,,,0.0,DN,,2025-12-16
SPGI,,,0.0,DN,,2025-12-16
T,,,0.0,DN,,2025-12-16
TJX,,,0.0,DN,,2025-12-16
TSLA,,,0.0,DN,,2025-12-16
ULTA,,,0.0,DN,,2025-12-16
UNH,,,0.0,DN,,2025-12-16
VRTX,,,0.0,DN,,2025-12-16
VZ,,,0.0,DN,,2025-12-16
WEC,,,0.0,DN,,2025-12-16
WFC,,,0.0,DN,,2025-12-16
WMT,,,0.0,DN,,2025-12-16
XOM,,,0.05932104357069041,DN,114.66000366210938,2025-12-16
AA,,,0.08557306679058176,DN,,2025-12-17
AAPL,,,0.0,DN,,2025-12-17
ABBV,,,0.0,DN,,2025-12-17
ADYEY,,,0.07199216181166052,DN,,2025-12-17
AEP,,,0.0,DN,,2025-12-17
ALB,,,0.0,DN,,2025-12-17
AMT,,,0.0,DN,,2025-12-17
AMZN,,,0.0,DN,,2025-12-17
ARM,,,0.0,DN,,2025-12-17
ASML,,,0.0,DN,,2025-12-17
AVGO,,,0.0,DN,,2025-12-17
AZN,,,0.0,DN,,2025-12-17
BA,,,0.0,DN,,2025-12-17
BAC,,,0.0,DN,,2025-12-17
BLK,,,0.0,DN,,2025-12-17
CAT,,,0.0,DN,,2025-12-17
CF,,,0.0,DN,,2025-12-17
CHTR,,,0.0,DN,,2025-12-17
CI,,,0.0,DN,,2025-12-17
CL,,,0.0,DN,,2025-12-17
CLF,,,0.0,DN,,2025-12-17
CMCSA,,,0.0,DN,,2025-12-17
CME,,,0.0,DN,,2025-12-17
COP,,,0.0,DN,,2025-12-17
COST,,,0.014187826693552969,DN,,2025-12-17
CVS,,,0.037247910317874104,DN,,2025-12-17
CVX,,,0.014192696382586979,DN,,2025-12-17
DIS,,,0.01212339513392107,DN,,2025-12-17
DUK,,,0.04180655156625555,DN,,2025-12-17
EOG,,,0.030902015803670035,DN,,2025-12-17
EVRG,,,0.0,DN,,2025-12-17
EXC,,,0.07304773294279192,DN,,2025-12-17
FCX,,,0.023808989321215078,DN,,2025-12-17
FOX,,,0.0,DN,,2025-12-17
FOXA,,,0.0,DN,,2025-12-17
GD,,,0.0,DN,,2025-12-17
GE,,,0.0,DN,,2025-12-17
GEVO,,,0.0,DN,,2025-12-17
GOOG,,,0.0,DN,,2025-12-17
GOOGL,,,0.0,DN,,2025-12-17
GS,,,0.0,DN,,2025-12-17
HAL,,,0.0,DN,,2025-12-17
HCA,,,0.0,DN,,2025-12-17
HD,,,0.0,DN,,2025-12-17
HON,,,0.0,DN,,2025-12-17
ICE,,,0.0,DN,,2025-12-17
JNJ,,,0.0,DN,,2025-12-17
JPM,,,0.0,DN,,2025-12-17
KMB,,,0.0,DN,,2025-12-17
KO,,,0.0,DN,,2025-12-17
LLY,,,0.0,DN,,2025-12-17
LMT,,,0.0,DN,,2025-12-17
LVS,,,0.0,DN,,2025-12-17
MAR,,,0.0,DN,,2025-12-17
MCD,,,0.0,DN,,2025-12-17
META,,,0.0,DN,,2025-12-17
MGM,,,0.046404761242195045,DN,,2025-12-17
MMM,,,0.0,DN,,2025-12-17
MO,,,0.0,DN,,2025-12-17
MPC,,,0.0,DN,,2025-12-17
MRK,,,0.0,DN,,2025-12-17
MS,,,0.0,DN,,2025-12-17
MSFT,,,0.0,DN,,2025-12-17
MUR,,,0.0,DN,,2025-12-17
NEE,,,0.0,DN,,2025-12-17
NEM,,,0.0,DN,,2025-12-17
NKE,,,0.0,DN,,2025-12-17
NOC,,,0.0,DN,,2025-12-17
NVDA,,,0.0,DN,,2025-12-17
OXY,,,0.11225407373698562,DN,,2025-12-17
PEG,,,0.0,DN,,2025-12-17
PEP,,,0.0,DN,,2025-12-17
PFE,,,0.0,DN,,2025-12-17
PG,,,0.0,DN,,2025-12-17
PM,,,0.0,DN,,2025-12-17
PPL,,,0.04548135169758789,DN,,2025-12-17
PSX,,,0.06755389609937283,DN,,2025-12-17
RCL,,,0.12909908387944136,DN,,2025-12-17
REGN,,,0.02249474993943191,DN,,2025-12-17
RTX,,,0.04172735479635185,DN,,2025-12-17
SCCO,,,0.044322265926074786,DN,,2025-12-17
SCHW,,,0.008096167718328847,DN,,2025-12-17
SLB,,,0.0,DN,,2025-12-17
SO,,,0.0,DN,,2025-12-17
SPGI,,,0.0,DN,,2025-12-17
T,,,0.0,DN,,2025-12-17
TJX,,,0.0,DN,,2025-12-17
TSLA,,,0.0,DN,,2025-12-17
ULTA,,,0.0,DN,,2025-12-17
UNH,,,0.0,DN,,2025-12-17
VRTX,,,0.0,DN,,2025-12-17
VZ,,,0.0,DN,,2025-12-17
WEC,,,0.0,DN,,2025-12-17
WFC,,,0.0,DN,,2025-12-17
WMT,,,0.0,DN,,2025-12-17
XOM,,,0.021877066415944776,DN,117.42500305175781,2025-12-17
AA,,,0.0786054563558562,DN,,2025-12-18
AAPL,,,0.0,DN,,2025-12-18
ABBV,,,0.0,DN,,2025-12-18
ADYEY,,,0.0,DN,,2025-12-18
AEP,,,0.03682424416368421,DN,,2025-12-18
ALB,,,0.0,DN,,2025-12-18
AMT,,,0.0,DN,,2025-12-18
AMZN,,,0.03446072114382618,DN,,2025-12-18
ARM,,,0.0,DN,,2025-12-18
ASML,,,0.0,DN,,2025-12-18
AVGO,,,0.05614940861199223,DN,,2025-12-18
AZN,,,0.10074681972532173,DN,,2025-12-18
BA,,,0.0,DN,,2025-12-18
BAC,,,0.0,DN,,2025-12-18
BLK,,,0.0,DN,,2025-12-18
CAT,,,0.0,DN,,2025-12-18
CF,,,0.0,DN,,2025-12-18
CHTR,,,0.0,DN,,2025-12-18
CI,,,0.0,DN,,2025-12-18
CL,,,0.0,DN,,2025-12-18
CLF,,,0.0,DN,,2025-12-18
CMCSA,,,0.0,DN,,2025-12-18
CME,,,0.0,DN,,2025-12-18
COP,,,0.0,DN,,2025-12-18
COST,,,0.0,DN,,2025-12-18
CVS,,,0.0,DN,,2025-12-18
CVX,,,0.0,DN,,2025-12-18
DIS,,,0.0,DN,,2025-12-18
DUK,,,0.026660548198267766,DN,,2025-12-18
EOG,,,0.0,DN,,2025-12-18
EVRG,,,0.0,DN,,2025-12-18
EXC,,,0.0,DN,,2025-12-18
FCX,,,0.0,DN,,2025-12-18
FOX,,,0.0,DN,,2025-12-18
FOXA,,,0.0,DN,,2025-12-18
GD,,,0.0,DN,,2025-12-18
GE,,,0.0,DN,,2025-12-18
GEVO,,,0.0,DN,,2025-12-18
GOOG,,,0.0,DN,,2025-12-18
GOOGL,,,0.0,DN,,2025-12-18
GS,,,0.0,DN,,2025-12-18
HAL,,,0.0,DN,,2025-12-18
HCA,,,0.0,DN,,2025-12-18
HD,,,0.0,DN,,2025-12-18
HON,,,0.0,DN,,2025-12-18
ICE,,,0.0,DN,,2025-12-18
JNJ,,,0.0,DN,,2025-12-18
JPM,,,0.0,DN,,2025-12-18
KMB,,,0.0,DN,,2025-12-18
KO,,,0.0,DN,,2025-12-18
LLY,,,0.0,DN,,2025-12-18
LMT,,,0.0,DN,,2025-12-18
LVS,,,0.0,DN,,2025-12-18
MAR,,,0.0,DN,,2025-12-18
MCD,,,0.0,DN,,2025-12-18
META,,,0.032264320559495546,DN,,2025-12-18
MGM,,,0.0,DN,,2025-12-18
MMM,,,0.08125596902192173,DN,,2025-12-18
MO,,,0.0,DN,,2025-12-18
MPC,,,0.0,DN,,2025-12-18
MRK,,,0.0,DN,,2025-12-18
MS,,,0.0,DN,,2025-12-18
MSFT,,,0.0736945359420015,DN,,2025-12-18
MUR,,,0.0,DN,,2025-12-18
NEE,,,0.0,DN,,2025-12-18
NEM,,,0.0,DN,,2025-12-18
NKE,,,0.15035502614160504,DN,,2025-12-18
NOC,,,0.0,DN,,2025-12-18
NVDA,,,0.0,DN,,2025-12-18
OXY,,,0.016868932674317556,DN,,2025-12-18
PEG,,,0.0,DN,,2025-12-18
PEP,,,0.0,DN,,2025-12-18
PFE,,,0.0,DN,,2025-12-18
PG,,,0.0,DN,,2025-12-18
PM,,,0.0,DN,,2025-12-18
PPL,,,0.02899264063277194,DN,,2025-12-18
PSX,,,0.0,DN,,2025-12-18
RCL,,,0.07461784642746583,DN,,2025-12-18
REGN,,,0.0,DN,,2025-12-18
RTX,,,0.0,DN,,2025-12-18
SCCO,,,0.0,DN,,2025-12-18
SCHW,,,0.0668793076298776,DN,,2025-12-18
SLB,,,0.0,DN,,2025-12-18
SO,,,0.020528199728311117,DN,,2025-12-18
SPGI,,,0.042748800640083955,DN,,2025-12-18
T,,,0.0,DN,,2025-12-18
TJX,,,0.0,DN,,2025-12-18
TSLA,,,0.0,DN,,2025-12-18
ULTA,,,0.0,DN,,2025-12-18
UNH,,,0.036193296166122865,DN,,2025-12-18
VRTX,,,0.0,DN,,2025-12-18
VZ,,,0.05134211950690485,DN,,2025-12-18
WEC,,,0.04452609825242479,DN,,2025-12-18
WFC,,,0.0,DN,,2025-12-18
WMT,,,0.0,DN,,2025-12-18
XOM,,,0.020125542547177362,DN,116.55999755859375,2025-12-18
AA,,,0.0,DN,,2025-12-19
AAPL,,,0.0,DN,,2025-12-19
ABBV,,,0.0,DN,,2025-12-19
ADYEY,,,0.05562220257744375,DN,,2025-12-19
AEP,,,0.0,DN,,2025-12-19
ALB,,,0.17040111558128704,DN,,2025-12-19
AMT,,,0.0,DN,,2025-12-19
AMZN,,,0.0,DN,,2025-12-19
ARM,,,0.0,DN,,2025-12-19
ASML,,,0.0,DN,,2025-12-19
AVGO,,,0.0,DN,,2025-12-19
AZN,,,0.0,DN,,2025-12-19
BA,,,0.0,DN,,2025-12-19
BAC,,,0.0,DN,,2025-12-19
BLK,,,0.0,DN,,2025-12-19
CAT,,,0.0,DN,,2025-12-19
CF,,,0.0,DN,,2025-12-19
CHTR,,,0.0,DN,,2025-12-19
CI,,,0.0,DN,,2025-12-19
CL,,,0.0,DN,,2025-12-19
CLF,,,0.0,DN,,2025-12-19
CMCSA,,,0.0,DN,,2025-12-19
CME,,,0.0,DN,,2025-12-19
COP,,,0.0,DN,,2025-12-19
COST,,,0.0,DN,,2025-12-19
CVS,,,0.0,DN,,2025-12-19
CVX,,,0.0,DN,,2025-12-19
DIS,,,0.0,DN,,2025-12-19
DUK,,,0.0,DN,,2025-12-19
EOG,,,0.0048767392381173,DN,,2025-12-19
EVRG,,,0.07689367508129892,DN,,2025-12-19
EXC,,,0.10201078921712461,DN,,2025-12-19
FCX,,,0.05901760616170526,DN,,2025-12-19
FOX,,,0.10498078265556618,DN,,2025-12-19
FOXA,,,0.12853663851602237,DN,,2025-12-19
GD,,,0.08725583140899287,DN,,2025-12-19
GE,,,0.04867115634474351,DN,,2025-12-19
GEVO,,,0.35654688107427684,DN,,2025-12-19
GOOG,,,0.23503581507113439,DN,,2025-12-19
GOOGL,,,0.0,DN,,2025-12-19
GS,,,0.0457344329921491,DN,,2025-12-19
HAL,,,0.0,DN,,2025-12-19
HCA,,,0.0,DN,,2025-12-19
HD,,,0.0,DN,,2025-12-19
HON,,,0.0,DN,,2025-12-19
ICE,,,0.0,DN,,2025-12-19
JNJ,,,0.0,DN,,2025-12-19
JPM,,,0.0,DN,,2025-12-19
KMB,,,0.0,DN,,2025-12-19
KO,,,0.12846610764916314,DN,,2025-12-19
LLY,,,0.0,DN,,2025-12-19
LMT,,,0.0,DN,,2025-12-19
LVS,,,0.0,DN,,2025-12-19
MAR,,,0.0,DN,,2025-12-19
MCD,,,0.0,DN,,2025-12-19
META,,,0.0,DN,,2025-12-19
MGM,,,0.0,DN,,2025-12-19
MMM,,,0.0,DN,,2025-12-19
MO,,,0.0,DN,,2025-12-19
MPC,,,0.0,DN,,2025-12-19
MRK,,,0.0,DN,,2025-12-19
MS,,,0.0,DN,,2025-12-19
MSFT,,,0.0,DN,,2025-12-19
MUR,,,0.0,DN,,2025-12-19
NEE,,,0.0,DN,,2025-12-19
NEM,,,0.0,DN,,2025-12-19
NKE,,,0.0,DN,,2025-12-19
NOC,,,0.0,DN,,2025-12-19
NVDA,,,0.0,DN,,2025-12-19
OXY,,,0.0,DN,,2025-12-19
PEG,,,0.0,DN,,2025-12-19
PEP,,,0.024118853576786253,DN,,2025-12-19
PFE,,,0.0,DN,,2025-12-19
PG,,,0.0,DN,,2025-12-19
PM,,,0.0,DN,,2025-12-19
PPL,,,0.0,DN,,2025-12-19
PSX,,,0.0,DN,,2025-12-19
RCL,,,0.0,DN,,2025-12-19
REGN,,,0.0,DN,,2025-12-19
RTX,,,0.0,DN,,2025-12-19
SCCO,,,0.0,DN,,2025-12-19
SCHW,,,0.0,DN,,2025-12-19
SLB,,,0.0,DN,,2025-12-19
SO,,,0.09788425641754014,DN,,2025-12-19
SPGI,,,0.08848553900370773,DN,,2025-12-19
T,,,0.07906144911306569,DN,,2025-12-19
TJX,,,0.002891686048753855,DN,,2025-12-19
TSLA,,,0.0,DN,,2025-12-19
ULTA,,,0.0,DN,,2025-12-19
UNH,,,0.0,DN,,2025-12-19
VRTX,,,0.0,DN,,2025-12-19
VZ,,,0.0,DN,,2025-12-19
WEC,,,0.0,DN,,2025-12-19
WFC,,,0.0,DN,,2025-12-19
WMT,,,0.0,DN,,2025-12-19
XOM,,,0.07693364756012788,DN,116.66000366210938,2025-12-19
AA,,,0.0,DN,,2025-12-22
AAPL,,,0.0,DN,,2025-12-22
ABBV,,,0.0,DN,,2025-12-22
ADYEY,,,0.0416641665592965,DN,,2025-12-22
AEP,,,0.0,DN,,2025-12-22
ALB,,,0.0,DN,,2025-12-22
AMT,,,0.0,DN,,2025-12-22
AMZN,,,0.0,DN,,2025-12-22
ARM,,,0.0,DN,,2025-12-22
ASML,,,0.0,DN,,2025-12-22
AVGO,,,0.0,DN,,2025-12-22
AZN,,,0.0,DN,,2025-12-22
BA,,,0.0,DN,,2025-12-22
BAC,,,0.0,DN,,2025-12-22
BLK,,,0.0,DN,,2025-12-22
CAT,,,0.0,DN,,2025-12-22
CF,,,0.0,DN,,2025-12-22
CHTR,,,0.0,DN,,2025-12-22
CI,,,0.0,DN,,2025-12-22
CL,,,0.0,DN,,2025-12-22
CLF,,,0.0,DN,,2025-12-22
CMCSA,,,0.0,DN,,2025-12-22
CME,,,0.0,DN,,2025-12-22
COP,,,0.0,DN,,2025-12-22
COST,,,0.0,DN,,2025-12-22
CVS,,,0.0,DN,,2025-12-22
CVX,,,0.0,DN,,2025-12-22
DIS,,,0.0,DN,,2025-12-22
DUK,,,0.0,DN,,2025-12-22
EOG,,,0.0,DN,,2025-12-22
EVRG,,,0.0,DN,,2025-12-22
EXC,,,0.07423718053623436,DN,,2025-12-22
FCX,,,0.019847907136886993,DN,,2025-12-22
FOX,,,0.0069318013186503,DN,,2025-12-22
FOXA,,,0.06663113536835848,DN,,2025-12-22
GD,,,0.0038871908440766987,DN,,2025-12-22
GE,,,0.033445394846319046,DN,,2025-12-22
GEVO,,,0.10280762731226345,DN,,2025-12-22
GOOG,,,0.0020319796263770324,DN,,2025-12-22
GOOGL,,,0.0014450121539731956,DN,,2025-12-22
GS,,,0.04393889569545134,DN,,2025-12-22
HAL,,,0.00793653670837905,DN,,2025-12-22
HCA,,,0.0023678367940831845,DN,,2025-12-22
HD,,,0.022564797839472406,DN,,2025-12-22
HON,,,0.0,DN,,2025-12-22
ICE,,,0.0,DN,,2025-12-22
JNJ,,,0.0,DN,,2025-12-22
JPM,,,0.0,DN,,2025-12-22
KMB,,,0.0,DN,,2025-12-22
KO,,,0.0,DN,,2025-12-22
LLY,,,0.0,DN,,2025-12-22
LMT,,,0.0,DN,,2025-12-22
LVS,,,0.0,DN,,2025-12-22
MAR,,,0.04977817838248328,DN,,2025-12-22
MCD,,,0.0,DN,,2025-12-22
META,,,0.0,DN,,2025-12-22
MGM,,,0.0,DN,,2025-12-22
MMM,,,0.0,DN,,2025-12-22
MO,,,0.0,DN,,2025-12-22
MPC,,,0.0,DN,,2025-12-22
MRK,,,0.0,DN,,2025-12-22
MS,,,0.0,DN,,2025-12-22
MSFT,,,0.0,DN,,2025-12-22
MUR,,,0.0,DN,,2025-12-22
NEE,,,0.0,DN,,2025-12-22
NEM,,,0.0,DN,,2025-12-22
NKE,,,0.0,DN,,2025-12-22
NOC,,,0.0,DN,,2025-12-22
NVDA,,,0.0,DN,,2025-12-22
OXY,,,0.0,DN,,2025-12-22
PEG,,,0.0,DN,,2025-12-22
PEP,,,0.0,DN,,2025-12-22
PFE,,,0.0,DN,,2025-12-22
PG,,,0.0,DN,,2025-12-22
PM,,,0.0,DN,,2025-12-22
PPL,,,0.0,DN,,2025-12-22
PSX,,,0.0,DN,,2025-12-22
RCL,,,0.008740069746561182,DN,,2025-12-22
REGN,,,0.0,DN,,2025-12-22
RTX,,,0.0,DN,,2025-12-22
SCCO,,,0.0,DN,,2025-12-22
SCHW,,,0.0,DN,,2025-12-22
SLB,,,0.0,DN,,2025-12-22
SO,,,0.0,DN,,2025-12-22
SPGI,,,0.0,DN,,2025-12-22
T,,,0.0,DN,,2025-12-22
TJX,,,0.004699787011027722,DN,,2025-12-22
TSLA,,,0.02581838389854198,DN,,2025-12-22
ULTA,,,0.09672547130337247,DN,,2025-12-22
UNH,,,0.0,DN,,2025-12-22
VRTX,,,0.0,DN,,2025-12-22
VZ,,,0.0,DN,,2025-12-22
WEC,,,0.0,DN,,2025-12-22
WFC,,,0.0,DN,,2025-12-22
WMT,,,0.0,DN,,2025-12-22
XOM,,,0.02647341666489617,DN,118.11000061035156,2025-12-22
AA,,,0.0,DN,,2025-12-23
AAPL,,,0.0,DN,,2025-12-23
ABBV,,,0.03720477326800129,DN,,2025-12-23
ADYEY,,,0.0,DN,,2025-12-23
AEP,,,0.04864824441383776,DN,,2025-12-23
ALB,,,0.0,DN,,2025-12-23
AMT,,,0.0,DN,,2025-12-23
AMZN,,,0.0,DN,,2025-12-23
ARM,,,0.0,DN,,2025-12-23
ASML,,,0.0,DN,,2025-12-23
AVGO,,,0.0,DN,,2025-12-23
AZN,,,0.0,DN,,2025-12-23
BA,,,0.0,DN,,2025-12-23
BAC,,,0.0,DN,,2025-12-23
BLK,,,0.0,DN,,2025-12-23
CAT,,,0.04329993635047283,DN,,2025-12-23
CF,,,0.06278719772886915,DN,,2025-12-23
CHTR,,,0.008717813607368704,DN,,2025-12-23
CI,,,0.01876396167635292,DN,,2025-12-23
CL,,,0.006989064480851608,DN,,2025-12-23
CLF,,,0.0,DN,,2025-12-23
CMCSA,,,0.0,DN,,2025-12-23
CME,,,0.0,DN,,2025-12-23
COP,,,0.0,DN,,2025-12-23
COST,,,0.0,DN,,2025-12-23
CVS,,,0.0,DN,,2025-12-23
CVX,,,0.0,DN,,2025-12-23
DIS,,,0.0,DN,,2025-12-23
DUK,,,0.0,DN,,2025-12-23
EOG,,,0.0,DN,,2025-12-23
EVRG,,,0.0,DN,,2025-12-23
EXC,,,0.0,DN,,2025-12-23
FCX,,,0.0,DN,,2025-12-23
FOX,,,0.0,DN,,2025-12-23
FOXA,,,0.0,DN,,2025-12-23
GD,,,0.0,DN,,2025-12-23
GE,,,0.0,DN,,2025-12-23
GEVO,,,0.0,DN,,2025-12-23
GOOG,,,0.0,DN,,2025-12-23
GOOGL,,,0.0,DN,,2025-12-23
GS,,,0.0,DN,,2025-12-23
HAL,,,0.0,DN,,2025-12-23
HCA,,,0.0,DN,,2025-12-23
HD,,,0.0,DN,,2025-12-23
HON,,,0.0,DN,,2025-12-23
ICE,,,0.0,DN,,2025-12-23
JNJ,,,0.0,DN,,2025-12-23
JPM,,,0.0,DN,,2025-12-23
KMB,,,0.0,DN,,2025-12-23
KO,,,0.009598527251823153,DN,,2025-12-23
LLY,,,0.008139581889703313,DN,,2025-12-23
LMT,,,0.042555737509752035,DN,,2025-12-23
LVS,,,0.024014720070636597,DN,,2025-12-23
MAR,,,0.03482127740749439,DN,,2025-12-23
MCD,,,0.010066863969335734,DN,,2025-12-23
META,,,0.017814065720330556,DN,,2025-12-23
MGM,,,0.030273948542275244,DN,,2025-12-23
MMM,,,0.019564287407621558,DN,,2025-12-23
MO,,,0.08596529173023926,DN,,2025-12-23
MPC,,,0.010755097131813487,DN,,2025-12-23
MRK,,,0.06725229082522949,DN,,2025-12-23
MS,,,0.0,DN,,2025-12-23
MSFT,,,0.0,DN,,2025-12-23
MUR,,,0.0,DN,,2025-12-23
NEE,,,0.0,DN,,2025-12-23
NEM,,,0.0,DN,,2025-12-23
NKE,,,0.0,DN,,2025-12-23
NOC,,,0.0,DN,,2025-12-23
NVDA,,,0.0,DN,,2025-12-23
OXY,,,0.0,DN,,2025-12-23
PEG,,,0.0,DN,,2025-12-23
PEP,,,0.0,DN,,2025-12-23
PFE,,,0.0,DN,,2025-12-23
PG,,,0.0,DN,,2025-12-23
PM,,,0.0,DN,,2025-12-23
PPL,,,0.0,DN,,2025-12-23
PSX,,,0.0,DN,,2025-12-23
RCL,,,0.0,DN,,2025-12-23
REGN,,,0.0,DN,,2025-12-23
RTX,,,0.0,DN,,2025-12-23
SCCO,,,0.0,DN,,2025-12-23
SCHW,,,0.0,DN,,2025-12-23
SLB,,,0.0,DN,,2025-12-23
SO,,,0.0,DN,,2025-12-23
SPGI,,,0.0,DN,,2025-12-23
T,,,0.0,DN,,2025-12-23
TJX,,,0.0,DN,,2025-12-23
TSLA,,,0.0,DN,,2025-12-23
ULTA,,,0.0,DN,,2025-12-23
UNH,,,0.0,DN,,2025-12-23
VRTX,,,0.0,DN,,2025-12-23
VZ,,,0.0,DN,,2025-12-23
WEC,,,0.0,DN,,2025-12-23
WFC,,,0.0,DN,,2025-12-23
WMT,,,0.0,DN,,2025-12-23
XOM,,,0.025314007876346523,DN,119.37999725341797,2025-12-23
AA,,,0.0,DN,,2025-12-24
AAPL,,,0.0,DN,,2025-12-24
ABBV,,,0.0,DN,,2025-12-24
ADYEY,,,0.0,DN,,2025-12-24
AEP,,,0.0,DN,,2025-12-24
ALB,,,0.0,DN,,2025-12-24
AMT,,,0.0,DN,,2025-12-24
AMZN,,,0.0,DN,,2025-12-24
ARM,,,0.0,DN,,2025-12-24
ASML,,,0.0,DN,,2025-12-24
AVGO,,,0.0,DN,,2025-12-24
AZN,,,0.0048339300776515165,DN,,2025-12-24
BA,,,0.013285143041524611,DN,,2025-12-24
BAC,,,0.0,DN,,2025-12-24
BLK,,,0.0,DN,,2025-12-24
CAT,,,0.0,DN,,2025-12-24
CF,,,0.0,DN,,2025-12-24
CHTR,,,0.027922067735228477,DN,,2025-12-24
CI,,,0.0,DN,,2025-12-24
CL,,,0.012084233316203122,DN,,2025-12-24
CLF,,,0.0,DN,,2025-12-24
CMCSA,,,0.0,DN,,2025-12-24
CME,,,0.0,DN,,2025-12-24
COP,,,0.0,DN,,2025-12-24
COST,,,0.0,DN,,2025-12-24
CVS,,,0.0014145558352228968,DN,,2025-12-24
CVX,,,0.0034085085020599554,DN,,2025-12-24
DIS,,,0.0,DN,,2025-12-24
DUK,,,0.0,DN,,2025-12-24
EOG,,,0.0,DN,,2025-12-24
EVRG,,,0.0,DN,,2025-12-24
EXC,,,0.0,DN,,2025-12-24
FCX,,,0.0,DN,,2025-12-24
FOX,,,0.0,DN,,2025-12-24
FOXA,,,0.0,DN,,2025-12-24
GD,,,0.0,DN,,2025-12-24
GE,,,0.0,DN,,2025-12-24
GEVO,,,0.0,DN,,2025-12-24
GOOG,,,0.06393187431470128,DN,,2025-12-24
GOOGL,,,0.05316545455713961,DN,,2025-12-24
GS,,,0.016327486817493405,DN,,2025-12-24
HAL,,,0.0079421740454621,DN,,2025-12-24
HCA,,,0.012716322767308306,DN,,2025-12-24
HD,,,0.0,DN,,2025-12-24
HON,,,0.0,DN,,2025-12-24
ICE,,,0.0,DN,,2025-12-24
JNJ,,,0.0,DN,,2025-12-24
JPM,,,0.0,DN,,2025-12-24
KMB,,,0.0,DN,,2025-12-24
KO,,,0.0,DN,,2025-12-24
LLY,,,0.0,DN,,2025-12-24
LMT,,,0.0,DN,,2025-12-24
LVS,,,0.0,DN,,2025-12-24
MAR,,,0.0,DN,,2025-12-24
MCD,,,0.0,DN,,2025-12-24
META,,,0.0,DN,,2025-12-24
MGM,,,0.0,DN,,2025-12-24
MMM,,,0.002926246084050724,DN,,2025-12-24
MO,,,0.0,DN,,2025-12-24
MPC,,,0.0,DN,,2025-12-24
MRK,,,0.0,DN,,2025-12-24
MS,,,0.0,DN,,2025-12-24
MSFT,,,0.0,DN,,2025-12-24
MUR,,,0.01419307610784831,DN,,2025-12-24
NEE,,,0.0,DN,,2025-12-24
NEM,,,0.0,DN,,2025-12-24
NKE,,,0.0,DN,,2025-12-24
NOC,,,0.0,DN,,2025-12-24
NVDA,,,0.0,DN,,2025-12-24
OXY,,,0.0,DN,,2025-12-24
PEG,,,0.0,DN,,2025-12-24
PEP,,,0.0,DN,,2025-12-24
PFE,,,0.0,DN,,2025-12-24
PG,,,0.003096636483772849,DN,,2025-12-24
PM,,,0.008211446657494553,DN,,2025-12-24
PPL,,,0.0,DN,,2025-12-24
PSX,,,0.0,DN,,2025-12-24
RCL,,,0.0,DN,,2025-12-24
REGN,,,0.0,DN,,2025-12-24
RTX,,,0.0,DN,,2025-12-24
SCCO,,,0.0,DN,,2025-12-24
SCHW,,,0.0,DN,,2025-12-24
SLB,,,0.0029397287057393497,DN,,2025-12-24
SO,,,0.0,DN,,2025-12-24
SPGI,,,0.0,DN,,2025-12-24
T,,,0.0,DN,,2025-12-24
TJX,,,0.0,DN,,2025-12-24
TSLA,,,0.0,DN,,2025-12-24
ULTA,,,0.0,DN,,2025-12-24
UNH,,,0.0,DN,,2025-12-24
VRTX,,,0.0,DN,,2025-12-24
VZ,,,0.0027793533232607984,DN,,2025-12-24
WEC,,,0.0,DN,,2025-12-24
WFC,,,0.0,DN,,2025-12-24
WMT,,,0.0,DN,,2025-12-24
XOM,,,0.002797652273200245,DN,119.87000274658203,2025-12-24
AA,,,0.006180715977546133,DN,,2025-12-26
AAPL,,,0.0,DN,,2025-12-26
ABBV,,,0.0,DN,,2025-12-26
ADYEY,,,0.0,DN,,2025-12-26
AEP,,,0.015474873263323474,DN,,2025-12-26
ALB,,,0.0,DN,,2025-12-26
AMT,,,0.0,DN,,2025-12-26
AMZN,,,0.0,DN,,2025-12-26
ARM,,,0.0,DN,,2025-12-26
ASML,,,0.0,DN,,2025-12-26
AVGO,,,0.0,DN,,2025-12-26
AZN,,,0.0,DN,,2025-12-26
BA,,,0.0,DN,,2025-12-26
BAC,,,0.0,DN,,2025-12-26
BLK,,,0.0,DN,,2025-12-26
CAT,,,0.0,DN,,2025-12-26
CF,,,0.0,DN,,2025-12-26
CHTR,,,0.0,DN,,2025-12-26
CI,,,0.0,DN,,2025-12-26
CL,,,0.0,DN,,2025-12-26
CLF,,,0.0,DN,,2025-12-26
CMCSA,,,0.0,DN,,2025-12-26
CME,,,0.0,DN,,2025-12-26
COP,,,0.0,DN,,2025-12-26
COST,,,0.0,DN,,2025-12-26
CVS,,,0.0,DN,,2025-12-26
CVX,,,0.0,DN,,2025-12-26
DIS,,,0.0,DN,,2025-12-26
DUK,,,0.021958330838536533,DN,,2025-12-26
EOG,,,0.04112063261035569,DN,,2025-12-26
EVRG,,,0.01229584797317836,DN,,2025-12-26
EXC,,,0.01798507161055229,DN,,2025-12-26
FCX,,,0.044353661652165685,DN,,2025-12-26
FOX,,,0.06473279488189708,DN,,2025-12-26
FOXA,,,0.018036921814147792,DN,,2025-12-26
GD,,,0.003918985328834562,DN,,2025-12-26
GE,,,0.0,DN,,2025-12-26
GEVO,,,0.10828405729097293,DN,,2025-12-26
GOOG,,,0.0,DN,,2025-12-26
GOOGL,,,0.0,DN,,2025-12-26
GS,,,0.0,DN,,2025-12-26
HAL,,,0.0,DN,,2025-12-26
HCA,,,0.0,DN,,2025-12-26
HD,,,0.0,DN,,2025-12-26
HON,,,0.0,DN,,2025-12-26
ICE,,,0.03149734963245614,DN,,2025-12-26
JNJ,,,0.0,DN,,2025-12-26
JPM,,,0.0,DN,,2025-12-26
KMB,,,0.0,DN,,2025-12-26
KO,,,0.0,DN,,2025-12-26
LLY,,,0.0,DN,,2025-12-26
LMT,,,0.0,DN,,2025-12-26
LVS,,,0.0,DN,,2025-12-26
MAR,,,0.0,DN,,2025-12-26
MCD,,,0.0,DN,,2025-12-26
META,,,0.0,DN,,2025-12-26
MGM,,,0.0,DN,,2025-12-26
MMM,,,0.0,DN,,2025-12-26
MO,,,0.0,DN,,2025-12-26
MPC,,,0.0,DN,,2025-12-26
MRK,,,0.0,DN,,2025-12-26
MS,,,0.0,DN,,2025-12-26
MSFT,,,0.0,DN,,2025-12-26
MUR,,,0.0,DN,,2025-12-26
NEE,,,0.0,DN,,2025-12-26
NEM,,,0.021158533794029436,DN,,2025-12-26
NKE,,,0.0,DN,,2025-12-26
NOC,,,0.0,DN,,2025-12-26
NVDA,,,0.0,DN,,2025-12-26
OXY,,,0.0,DN,,2025-12-26
PEG,,,0.0,DN,,2025-12-26
PEP,,,0.0,DN,,2025-12-26
PFE,,,0.0,DN,,2025-12-26
PG,,,0.0,DN,,2025-12-26
PM,,,0.0,DN,,2025-12-26
PPL,,,0.0,DN,,2025-12-26
PSX,,,0.0,DN,,2025-12-26
RCL,,,0.0,DN,,2025-12-26
REGN,,,0.0,DN,,2025-12-26
RTX,,,0.0,DN,,2025-12-26
SCCO,,,0.00896902111628449,DN,,2025-12-26
SCHW,,,0.03736998203406054,DN,,2025-12-26
SLB,,,0.00887879643153422,DN,,2025-12-26
SO,,,0.007691699398465366,DN,,2025-12-26
SPGI,,,0.034681841588383215,DN,,2025-12-26
T,,,0.0,DN,,2025-12-26
TJX,,,0.0,DN,,2025-12-26
TSLA,,,0.0,DN,,2025-12-26
ULTA,,,0.0,DN,,2025-12-26
UNH,,,0.0,DN,,2025-12-26
VRTX,,,0.0,DN,,2025-12-26
VZ,,,0.0,DN,,2025-12-26
WEC,,,0.0,DN,,2025-12-26
WFC,,,0.0,DN,,2025-12-26
WMT,,,0.0,DN,,2025-12-26
XOM,,,0.007511632884632219,DN,119.11499786376953,2025-12-26
AA,,,0.0,DN,,2025-12-29
AAPL,,,0.012176608662409022,DN,,2025-12-29
ABBV,,,0.0,DN,,2025-12-29
ADYEY,,,0.0,DN,,2025-12-29
AEP,,,0.0,DN,,2025-12-29
ALB,,,0.0,DN,,2025-12-29
AMT,,,0.014000161585436696,DN,,2025-12-29
AMZN,,,0.0,DN,,2025-12-29
ARM,,,0.06055336385040836,DN,,2025-12-29
ASML,,,0.0,DN,,2025-12-29
AVGO,,,0.0,DN,,2025-12-29
AZN,,,0.0,DN,,2025-12-29
BA,,,0.0,DN,,2025-12-29
BAC,,,0.00201900769661246,DN,,2025-12-29
BLK,,,0.0,DN,,2025-12-29
CAT,,,0.0,DN,,2025-12-29
CF,,,0.0,DN,,2025-12-29
CHTR,,,0.0,DN,,2025-12-29
CI,,,0.0,DN,,2025-12-29
CL,,,0.0,DN,,2025-12-29
CLF,,,0.0,DN,,2025-12-29
CMCSA,,,0.0,DN,,2025-12-29
CME,,,0.0,DN,,2025-12-29
COP,,,0.0,DN,,2025-12-29
COST,,,0.0,DN,,2025-12-29
CVS,,,0.0,DN,,2025-12-29
CVX,,,0.0,DN,,2025-12-29
DIS,,,0.0,DN,,2025-12-29
DUK,,,0.0,DN,,2025-12-29
EOG,,,0.0,DN,,2025-12-29
EVRG,,,0.03372207760894104,DN,,2025-12-29
EXC,,,0.015875529770920445,DN,,2025-12-29
FCX,,,0.08221574285930595,DN,,2025-12-29
FOX,,,0.03086471451973088,DN,,2025-12-29
FOXA,,,0.0,DN,,2025-12-29
GD,,,0.0,DN,,2025-12-29
GE,,,0.0,DN,,2025-12-29
GEVO,,,0.0,DN,,2025-12-29
GOOG,,,0.0,DN,,2025-12-29
GOOGL,,,0.0,DN,,2025-12-29
GS,,,0.0,DN,,2025-12-29
HAL,,,0.0,DN,,2025-12-29
HCA,,,0.0,DN,,2025-12-29
HD,,,0.0,DN,,2025-12-29
HON,,,0.0,DN,,2025-12-29
ICE,,,0.0,DN,,2025-12-29
JNJ,,,0.04192822363601584,DN,,2025-12-29
JPM,,,0.0,DN,,2025-12-29
KMB,,,0.0,DN,,2025-12-29
KO,,,0.0,DN,,2025-12-29
LLY,,,0.0,DN,,2025-12-29
LMT,,,0.0,DN,,2025-12-29
LVS,,,0.0,DN,,2025-12-29
MAR,,,0.0,DN,,2025-12-29
MCD,,,0.0,DN,,2025-12-29
META,,,0.0,DN,,2025-12-29
MGM,,,0.0,DN,,2025-12-29
MMM,,,0.025546833959602548,DN,,2025-12-29
MO,,,0.0,DN,,2025-12-29
MPC,,,0.0,DN,,2025-12-29
MRK,,,0.0,DN,,2025-12-29
MS,,,0.0,DN,,2025-12-29
MSFT,,,0.0,DN,,2025-12-29
MUR,,,0.0,DN,,2025-12-29
NEE,,,0.0,DN,,2025-12-29
NEM,,,0.0,DN,,2025-12-29
NKE,,,0.0,DN,,2025-12-29
NOC,,,0.03862481937934334,DN,,2025-12-29
NVDA,,,0.0,DN,,2025-12-29
OXY,,,0.0,DN,,2025-12-29
PEG,,,0.008310122489519029,DN,,2025-12-29
PEP,,,0.001549604527639554,DN,,2025-12-29
PFE,,,0.0,DN,,2025-12-29
PG,,,0.0,DN,,2025-12-29
PM,,,0.011041882515167994,DN,,2025-12-29
PPL,,,0.0,DN,,2025-12-29
PSX,,,0.0,DN,,2025-12-29
RCL,,,0.0,DN,,2025-12-29
REGN,,,0.0061625131322557885,DN,,2025-12-29
RTX,,,0.03752353106808984,DN,,2025-12-29
SCCO,,,0.0,DN,,2025-12-29
SCHW,,,0.0,DN,,2025-12-29
SLB,,,0.0,DN,,2025-12-29
SO,,,0.0,DN,,2025-12-29
SPGI,,,0.0029518240630937464,DN,,2025-12-29
T,,,0.00451371480845877,DN,,2025-12-29
TJX,,,0.0,DN,,2025-12-29
TSLA,,,0.0,DN,,2025-12-29
ULTA,,,0.0,DN,,2025-12-29
UNH,,,0.0,DN,,2025-12-29
VRTX,,,0.0,DN,,2025-12-29
VZ,,,0.0,DN,,2025-12-29
WEC,,,0.01587149995856907,DN,,2025-12-29
WFC,,,0.0,DN,,2025-12-29
WMT,,,0.0,DN,,2025-12-29
XOM,,,0.01945858741864775,DN,120.55000305175781,2025-12-29
AA,,,0.0,DN,,2025-12-30
AAPL,,,0.0,DN,,2025-12-30
ABBV,,,0.0,DN,,2025-12-30
ADYEY,,,0.0,DN,,2025-12-30
AEP,,,0.03464987135456132,DN,,2025-12-30
ALB,,,0.0,DN,,2025-12-30
AMT,,,0.0,DN,,2025-12-30
AMZN,,,0.0,DN,,2025-12-30
ARM,,,0.0,DN,,2025-12-30
ASML,,,0.0,DN,,2025-12-30
AVGO,,,0.0,DN,,2025-12-30
AZN,,,0.0,DN,,2025-12-30
BA,,,0.0,DN,,2025-12-30
BAC,,,0.0,DN,,2025-12-30
BLK,,,0.0,DN,,2025-12-30
CAT,,,0.0,DN,,2025-12-30
CF,,,0.0,DN,,2025-12-30
CHTR,,,0.00746836314228612,DN,,2025-12-30
CI,,,0.0008095235692743984,DN,,2025-12-30
CL,,,0.0,DN,,2025-12-30
CLF,,,0.0,DN,,2025-12-30
CMCSA,,,0.0,DN,,2025-12-30
CME,,,0.0,DN,,2025-12-30
COP,,,0.0,DN,,2025-12-30
COST,,,0.03767305173072988,DN,,2025-12-30
CVS,,,0.04192145977234548,DN,,2025-12-30
CVX,,,0.014668132039589497,DN,,2025-12-30
DIS,,,0.0,DN,,2025-12-30
DUK,,,0.0,DN,,2025-12-30
EOG,,,0.0,DN,,2025-12-30
EVRG,,,0.0,DN,,2025-12-30
EXC,,,0.0,DN,,2025-12-30
FCX,,,0.05349500355039797,DN,,2025-12-30
FOX,,,0.0,DN,,2025-12-30
FOXA,,,0.0,DN,,2025-12-30
GD,,,0.03551144955477447,DN,,2025-12-30
GE,,,0.0,DN,,2025-12-30
GEVO,,,0.0,DN,,2025-12-30
GOOG,,,0.0,DN,,2025-12-30
GOOGL,,,0.0,DN,,2025-12-30
GS,,,0.02703091162215329,DN,,2025-12-30
HAL,,,0.0,DN,,2025-12-30
HCA,,,0.0,DN,,2025-12-30
HD,,,0.0,DN,,2025-12-30
HON,,,0.0,DN,,2025-12-30
ICE,,,0.0,DN,,2025-12-30
JNJ,,,0.0,DN,,2025-12-30
JPM,,,0.0,DN,,2025-12-30
KMB,,,0.002201974657747151,DN,,2025-12-30
KO,,,0.0,DN,,2025-12-30
LLY,,,0.0,DN,,2025-12-30
LMT,,,0.0,DN,,2025-12-30
LVS,,,0.0,DN,,2025-12-30
MAR,,,0.0,DN,,2025-12-30
MCD,,,0.0,DN,,2025-12-30
META,,,0.0,DN,,2025-12-30
MGM,,,0.0,DN,,2025-12-30
MMM,,,0.0,DN,,2025-12-30
MO,,,0.013536632340148928,DN,,2025-12-30
MPC,,,0.0,DN,,2025-12-30
MRK,,,0.0,DN,,2025-12-30
MS,,,0.0,DN,,2025-12-30
MSFT,,,0.0,DN,,2025-12-30
MUR,,,0.0,DN,,2025-12-30
NEE,,,0.0,DN,,2025-12-30
NEM,,,0.0,DN,,2025-12-30
NKE,,,0.0,DN,,2025-12-30
NOC,,,0.0,DN,,2025-12-30
NVDA,,,0.0,DN,,2025-12-30
OXY,,,0.0,DN,,2025-12-30
PEG,,,0.0,DN,,2025-12-30
PEP,,,0.01550206840181819,DN,,2025-12-30
PFE,,,0.0,DN,,2025-12-30
PG,,,0.0,DN,,2025-12-30
PM,,,0.0,DN,,2025-12-30
PPL,,,0.0,DN,,2025-12-30
PSX,,,0.0,DN,,2025-12-30
RCL,,,0.0019868371828979455,DN,,2025-12-30
REGN,,,0.0,DN,,2025-12-30
RTX,,,0.0,DN,,2025-12-30
SCCO,,,0.03756991578468756,DN,,2025-12-30
SCHW,,,0.0,DN,,2025-12-30
SLB,,,0.0,DN,,2025-12-30
SO,,,0.0,DN,,2025-12-30
SPGI,,,0.056209878719553255,DN,,2025-12-30
T,,,0.0,DN,,2025-12-30
TJX,,,0.0,DN,,2025-12-30
TSLA,,,0.0,DN,,2025-12-30
ULTA,,,0.000921887939233101,DN,,2025-12-30
UNH,,,0.00033482395685184314,DN,,2025-12-30
VRTX,,,0.0,DN,,2025-12-30
VZ,,,0.0,DN,,2025-12-30
WEC,,,0.03261695840105144,DN,,2025-12-30
WFC,,,0.0,DN,,2025-12-30
WMT,,,0.02694068443993145,DN,,2025-12-30
XOM,,,0.04609309036951979,DN,121.02999877929688,2025-12-30
